"LAT","LON","PARAMETER","YEAR","JAN","FEB","MAR","APR","MAY","JUN","JUL","AUG","SEP","OCT","NOV","DEC","ANN","param.descr"
37.43641,-121.92719,"PRECTOT",1981,143.26,50.21,107.14,14.74,4.61,0.02,0.12,0.43,2.07,53.83,145.3,100.51,622.23,"Precipitation (mm day-1) "
37.43641,-121.92719,"PRECTOT",1982,179.05,86.52,188.7,80.78,0.24,8.2,0.08,0.55,34.48,58.82,155.83,88.53,881.76,"Precipitation (mm day-1) "
37.43641,-121.92719,"PRECTOT",1983,192.23,212.2,205.32,103.02,7.87,1.06,0.41,5.44,33.31,12.38,181.77,151.03,1106.04,"Precipitation (mm day-1) "
37.43641,-121.92719,"PRECTOT",1984,8.15,50.15,36.77,18.57,1.48,4.27,0.32,0.68,2.19,53.67,149.41,51.42,377.08,"Precipitation (mm day-1) "
37.43641,-121.92719,"PRECTOT",1985,21.8,43.63,106.61,9.59,4.46,4.96,1.44,0.21,8.75,25.96,104.35,56.02,387.78,"Precipitation (mm day-1) "
37.43641,-121.92719,"PRECTOT",1986,93.56,226.04,150.49,19.27,7.97,0.16,0.47,0.21,28.47,1.63,6.12,36.05,570.43,"Precipitation (mm day-1) "
37.43641,-121.92719,"PRECTOT",1987,68.2,106.94,80.73,10.58,1.4,0.44,0.14,0.19,0.02,25.84,52.81,106.01,453.29,"Precipitation (mm day-1) "
37.43641,-121.92719,"PRECTOT",1988,75.75,21.2,0.84,50.31,18.03,7.06,0.12,0.16,0.28,4,74.55,99.18,351.49,"Precipitation (mm day-1) "
37.43641,-121.92719,"PRECTOT",1989,32.89,37.88,107.4,15.96,3.69,1.21,0.11,0.95,33.94,42.11,34.45,4.78,315.35,"Precipitation (mm day-1) "
37.43641,-121.92719,"PRECTOT",1990,76.04,67.34,33.67,12.91,66.44,0.3,0.43,0.56,9.21,5.16,9.68,41.36,323.11,"Precipitation (mm day-1) "
37.43641,-121.92719,"PRECTOT",1991,9.59,78.35,226.45,12.58,7.19,5.56,0.4,3.31,1.68,46.78,15,72.65,479.54,"Precipitation (mm day-1) "
37.43641,-121.92719,"PRECTOT",1992,88.41,178.89,85.32,7.89,0.1,7.69,1.11,0.55,0.51,35.96,5.31,159.27,571.01,"Precipitation (mm day-1) "
37.43641,-121.92719,"PRECTOT",1993,234.59,142.66,77.18,15.88,25.41,13.3,0.72,0.4,0.45,10.82,46.82,57.15,625.39,"Precipitation (mm day-1) "
37.43641,-121.92719,"PRECTOT",1994,51.4,113.13,10.42,39.12,34.14,1,0.69,0.36,2.13,14.01,111.94,62.01,440.36,"Precipitation (mm day-1) "
37.43641,-121.92719,"PRECTOT",1995,272.17,14.86,224.43,65.52,26.08,21.89,0.93,0.15,0.13,2.57,2.17,147.36,778.26,"Precipitation (mm day-1) "
37.43641,-121.92719,"PRECTOT",1996,156.22,169.41,70.3,38.87,56.55,0.98,0.93,1.85,1.87,37.24,98.29,215.24,847.76,"Precipitation (mm day-1) "
37.43641,-121.92719,"PRECTOT",1997,211.81,8.13,9.52,11.72,6.36,5.21,1.39,10.02,0.52,14.67,141.27,77.38,498.01,"Precipitation (mm day-1) "
37.43641,-121.92719,"PRECTOT",1998,214.26,316.27,86.16,52.57,81.17,4.43,0.48,0.44,3.48,21.52,89.94,29.19,899.91,"Precipitation (mm day-1) "
37.43641,-121.92719,"PRECTOT",1999,128.82,124.48,71.45,45.83,3.73,6.09,1.8,1.32,2.66,9.73,54.75,6.81,457.46,"Precipitation (mm day-1) "
37.43641,-121.92719,"PRECTOT",2000,141.09,198.38,42.14,32.77,23.43,6.36,0.68,2.05,6.74,76.7,16.3,13.85,560.49,"Precipitation (mm day-1) "
37.43641,-121.92719,"PRECTOT",2001,105.29,128.16,61.1,45.37,1.54,1.66,0.67,0.62,3.92,10.32,97.73,171.97,628.37,"Precipitation (mm day-1) "
37.43641,-121.92719,"PRECTOT",2002,43.31,38.9,61.47,9.47,19.85,0.65,0.1,1.86,1.78,0.43,85.45,227.13,490.39,"Precipitation (mm day-1) "
37.43641,-121.92719,"PRECTOT",2003,26.55,46.53,37.26,87.88,25.8,0.46,1.55,6.46,1.1,4.23,52.12,162.83,452.78,"Precipitation (mm day-1) "
37.43641,-121.92719,"PRECTOT",2004,57.65,121.63,14.93,3.58,2.22,0.98,0.2,1.98,2.62,77.86,30.97,140.3,454.93,"Precipitation (mm day-1) "
37.43641,-121.92719,"PRECTOT",2005,103.49,102.15,100.85,41.49,29.85,9.29,2.99,1.02,2.79,5.53,20.05,186.3,605.8,"Precipitation (mm day-1) "
37.43641,-121.92719,"PRECTOT",2006,83.55,50.47,147.72,101.01,19.84,1,0.3,0.14,0.95,5.17,36.29,77.52,523.96,"Precipitation (mm day-1) "
37.43641,-121.92719,"PRECTOT",2007,16.8,102.19,10.66,26.92,4.59,0.12,0.31,0.07,9.23,32.06,17.07,58.11,278.14,"Precipitation (mm day-1) "
37.43641,-121.92719,"PRECTOT",2008,208.14,79.45,5.87,4.26,0.86,0.01,0.01,0.01,0.37,17.01,53.27,65.93,435.18,"Precipitation (mm day-1) "
37.43641,-121.92719,"PRECTOT",2009,41.2,172.45,68.82,12.15,18.67,1.78,0.09,0.61,9.04,106.12,7.29,80.12,518.36,"Precipitation (mm day-1) "
37.43641,-121.92719,"PRECTOT",2010,169.94,104.38,63.2,98.34,21.9,0.2,0.03,0.33,0.56,40.58,72.87,168.82,741.15,"Precipitation (mm day-1) "
37.43641,-121.92719,"PRECTOT",2011,39.12,117.07,175.02,10.36,28.01,40.16,0.08,0.2,0.09,38.24,40.25,2.92,491.5,"Precipitation (mm day-1) "
37.43641,-121.92719,"PRECTOT",2012,78.14,31.01,135.21,66.56,0.93,4.6,0.17,0.03,0.08,17.78,118.97,171.59,625.06,"Precipitation (mm day-1) "
37.43641,-121.92719,"PRECTOT",2013,21.38,11.53,25.55,12.81,1,1.73,0.08,0.2,8.53,2.63,20.23,14.8,120.46,"Precipitation (mm day-1) "
37.43641,-121.92719,"PRECTOT",2014,3.2,132.03,65.01,27.82,0.97,1.05,0.25,0.12,9.96,22.91,50.51,246.14,559.98,"Precipitation (mm day-1) "
37.43641,-121.92719,"PRECTOT",2015,0.93,67.41,7.53,29.2,10.96,3.6,2.19,1.3,5.39,5.91,65.46,102.82,302.7,"Precipitation (mm day-1) "
37.43641,-121.92719,"PRECTOT",2016,168.14,21.76,159.87,36.28,8.8,0.81,0.21,0.24,0.55,104.14,47.09,95.5,643.39,"Precipitation (mm day-1) "
37.43641,-121.92719,"PRECTOT",2017,288.03,217.42,69.22,61.77,2.54,2.32,0.18,0.6,3.15,5.23,63.03,3.12,716.61,"Precipitation (mm day-1) "
37.43641,-121.92719,"PRECTOT",2018,3.62,0.35,4.19,1.67,0.1,0.02,0.02,0.01,0.02,0.16,3.04,1.8,1.26,"Precipitation (mm day-1) "
37.43641,-121.92719,"PRECTOT",2019,4.44,7.41,3.21,0.38,2.05,0.04,0.01,0.03,0.16,0.01,1.38,4.51,1.94,"Precipitation (mm day-1) "
37.43641,-121.92719,"RH2M",1981,72.18,77.73,80.75,70.71,62.01,45.03,43.53,50.3,53.36,62.53,78.27,86.63,65.19,"Relative Humidity at 2 Meters (%) "
37.43641,-121.92719,"RH2M",1982,84.73,83.85,84.03,79.52,74.24,65,54.42,51.46,54.5,61,73.14,81.83,70.57,"Relative Humidity at 2 Meters (%) "
37.43641,-121.92719,"RH2M",1983,82.1,85.18,86.85,79.88,77,68.13,57.82,55.25,52.03,64.42,80.48,90.6,73.25,"Relative Humidity at 2 Meters (%) "
37.43641,-121.92719,"RH2M",1984,84.96,82.45,78.76,70.19,56.26,52.09,40.42,51.37,40.95,68.14,81.81,84.32,65.94,"Relative Humidity at 2 Meters (%) "
37.43641,-121.92719,"RH2M",1985,77.7,78.82,78.45,67.57,61.83,48.29,42.45,49.74,58.78,57.29,69.52,77.04,63.87,"Relative Humidity at 2 Meters (%) "
37.43641,-121.92719,"RH2M",1986,79.7,84.58,83.7,77.13,69.12,54.64,48.9,47.94,60.76,58.25,52.48,68.61,65.38,"Relative Humidity at 2 Meters (%) "
37.43641,-121.92719,"RH2M",1987,72.54,72.34,76.59,60.71,59.03,47.31,56.05,46.96,50.64,55.41,74.23,77.23,62.38,"Relative Humidity at 2 Meters (%) "
37.43641,-121.92719,"RH2M",1988,80.47,72.06,64.87,63.46,61.94,55.85,46.02,50.88,46.29,57.83,77.89,71.94,62.42,"Relative Humidity at 2 Meters (%) "
37.43641,-121.92719,"RH2M",1989,76.75,78.49,82.89,70.77,65.49,55.23,51.39,52.61,59.13,61.97,65.92,62.94,65.22,"Relative Humidity at 2 Meters (%) "
37.43641,-121.92719,"RH2M",1990,77.72,75.43,77.05,66.47,63.01,59.79,50.18,53.12,59.41,52.29,56.92,61.12,62.63,"Relative Humidity at 2 Meters (%) "
37.43641,-121.92719,"RH2M",1991,69.78,70.59,82.09,75.17,65.33,58.37,52.51,60.7,53.19,51.17,64.2,68.68,64.28,"Relative Humidity at 2 Meters (%) "
37.43641,-121.92719,"RH2M",1992,78,82.17,85.25,76.36,63.79,59.9,53.93,49.82,52.94,61.69,62.73,79.3,67.12,"Relative Humidity at 2 Meters (%) "
37.43641,-121.92719,"RH2M",1993,84.38,85.83,85.25,80.12,73.17,57.91,52.72,52.24,51.93,58.2,56.23,75.28,67.69,"Relative Humidity at 2 Meters (%) "
37.43641,-121.92719,"RH2M",1994,74.18,78.33,75.96,71.63,69.2,53.33,50.97,53.81,57.83,58.68,73.25,82.55,66.58,"Relative Humidity at 2 Meters (%) "
37.43641,-121.92719,"RH2M",1995,89.37,86.16,84.48,81.77,79.3,66.63,58.52,49.44,59.29,52.61,70.06,83.44,71.66,"Relative Humidity at 2 Meters (%) "
37.43641,-121.92719,"RH2M",1996,84.74,88.77,81.13,77.13,70.16,58.62,45.54,46.41,53.35,59.94,76.16,86.56,68.96,"Relative Humidity at 2 Meters (%) "
37.43641,-121.92719,"RH2M",1997,89.01,83.61,80.25,72.24,60.96,59.57,54.44,57.77,54.18,61.1,75.94,78.9,68.92,"Relative Humidity at 2 Meters (%) "
37.43641,-121.92719,"RH2M",1998,90.68,89.82,84.18,80.96,81.48,75.31,60.63,48.85,59.04,60.97,82.92,77.33,74.22,"Relative Humidity at 2 Meters (%) "
37.43641,-121.92719,"RH2M",1999,79.78,84.56,82.56,74.79,70.52,61.28,54.59,58.09,51.88,53.33,75.74,68.54,67.86,"Relative Humidity at 2 Meters (%) "
37.43641,-121.92719,"RH2M",2000,85.39,88.02,81.57,76.66,69.59,58.05,58.25,55.1,54.42,70.23,74.73,73.61,70.42,"Relative Humidity at 2 Meters (%) "
37.43641,-121.92719,"RH2M",2001,75.26,81.52,83.48,76.26,55.42,51.64,55.62,58.69,58.84,60.47,76.02,87.45,68.31,"Relative Humidity at 2 Meters (%) "
37.43641,-121.92719,"RH2M",2002,85.66,82.39,77.87,75.92,66.51,60.3,55.47,52.4,49.95,58.77,66.99,85.46,68.08,"Relative Humidity at 2 Meters (%) "
37.43641,-121.92719,"RH2M",2003,88.23,79.27,80.99,79.03,70.64,60.21,52.03,58.02,53.43,55.17,73.93,83.1,69.45,"Relative Humidity at 2 Meters (%) "
37.43641,-121.92719,"RH2M",2004,87.35,84.64,77.99,67.99,64.25,61.16,56.57,56.47,49.59,67.39,70.82,78.78,68.56,"Relative Humidity at 2 Meters (%) "
37.43641,-121.92719,"RH2M",2005,87.95,84.52,82.12,78.83,76.92,65.27,54.23,52.12,57.55,62.73,65.43,81.22,70.67,"Relative Humidity at 2 Meters (%) "
37.43641,-121.92719,"RH2M",2006,87.57,80.23,84.58,84.21,76.29,64.68,51.71,55.75,52.41,57.17,78.26,70.99,70.24,"Relative Humidity at 2 Meters (%) "
37.43641,-121.92719,"RH2M",2007,70.72,82.52,72.83,67.79,59.34,56.01,58.79,55.62,59.76,66.8,66.95,76.42,66.03,"Relative Humidity at 2 Meters (%) "
37.43641,-121.92719,"RH2M",2008,84.58,85.05,78.25,67.09,62.2,47.48,55.12,54.32,50.24,49.75,76.39,80.61,65.88,"Relative Humidity at 2 Meters (%) "
37.43641,-121.92719,"RH2M",2009,70.88,81.35,80.45,70.56,66.28,63.11,52.8,53.56,54.07,68.92,70.77,82.26,67.84,"Relative Humidity at 2 Meters (%) "
37.43641,-121.92719,"RH2M",2010,87.51,89.04,80.26,80.74,74.99,65.7,59.26,58.57,51.99,64.03,71.95,87.11,72.52,"Relative Humidity at 2 Meters (%) "
37.43641,-121.92719,"RH2M",2011,86.3,78.12,87.05,80.28,74.08,69.81,61.13,60.46,51.25,66.19,74.63,65.71,71.22,"Relative Humidity at 2 Meters (%) "
37.43641,-121.92719,"RH2M",2012,71.7,72.74,75.04,75.32,64.09,57.45,55.4,51.87,54.76,65.36,73.31,85.51,66.86,"Relative Humidity at 2 Meters (%) "
37.43641,-121.92719,"RH2M",2013,79.93,80.44,77.57,64.2,59.14,55.84,52.33,60.26,62.19,51.24,61.29,60.88,63.67,"Relative Humidity at 2 Meters (%) "
37.43641,-121.92719,"RH2M",2014,58.74,80.38,73.19,69.35,57.21,53.04,51.15,57.1,61.99,58.51,72.1,89,65.03,"Relative Humidity at 2 Meters (%) "
37.43641,-121.92719,"RH2M",2015,82.89,82.93,77.42,67.6,68.12,58.09,56.25,57.25,50.08,61.89,71.91,81.54,67.94,"Relative Humidity at 2 Meters (%) "
37.43641,-121.92719,"RH2M",2016,87.35,80.68,84.93,76.92,71.61,54.45,51.95,54.73,52.31,68.63,80.86,84.28,70.72,"Relative Humidity at 2 Meters (%) "
37.43641,-121.92719,"RH2M",2017,89.14,88.04,83.31,79.42,70.97,62.22,48.75,51.03,53.48,46.72,76.65,61.16,67.4,"Relative Humidity at 2 Meters (%) "
37.43641,-121.92719,"RH2M",2018,85.93,69.09,77.67,74.57,69.01,56.84,48.91,53.43,54.99,57.16,53.52,82.13,65.3,"Relative Humidity at 2 Meters (%) "
37.43641,-121.92719,"RH2M",2019,83.11,84.27,82.05,78.86,75.43,58.4,57.02,53.43,56.74,43.67,62.17,87.84,68.5,"Relative Humidity at 2 Meters (%) "
37.43641,-121.92719,"T2M",1981,10.17,9.83,9.85,12.56,15.06,20.31,20.11,19.89,18.62,14.02,12.17,9.6,14.37,"Temperature at 2 Meters (C) "
37.43641,-121.92719,"T2M",1982,5.77,9.12,8.7,10.77,13.96,15.91,18.86,19.61,18.09,15.16,10.14,7.66,12.83,"Temperature at 2 Meters (C) "
37.43641,-121.92719,"T2M",1983,8.97,10.23,10.23,10.3,13.55,16.37,18.59,20.41,20.44,16.79,11.05,9.36,13.88,"Temperature at 2 Meters (C) "
37.43641,-121.92719,"T2M",1984,8.33,9.01,10.86,11.15,16.4,17.7,22.05,20.14,21.5,13.97,10.13,7,14.04,"Temperature at 2 Meters (C) "
37.43641,-121.92719,"T2M",1985,7.27,8.81,8.56,13.82,14,19.72,21.4,19.23,17.13,14.98,9.3,7.95,13.54,"Temperature at 2 Meters (C) "
37.43641,-121.92719,"T2M",1986,10.86,10.87,12.02,11.43,14.21,18.27,19.79,20.18,16.42,15.59,13,9.37,14.36,"Temperature at 2 Meters (C) "
37.43641,-121.92719,"T2M",1987,7.61,9.55,10.26,14.3,16.74,18.51,17.98,20.3,19.38,17.99,11.44,7.68,14.33,"Temperature at 2 Meters (C) "
37.43641,-121.92719,"T2M",1988,8.57,10.21,11.59,13.12,14.34,17.98,21.61,20.29,18.9,16.47,11.27,8.22,14.39,"Temperature at 2 Meters (C) "
37.43641,-121.92719,"T2M",1989,7.05,7.01,10.78,14.1,14.73,18.04,19.02,19.02,17.55,15.26,11.79,9.46,13.68,"Temperature at 2 Meters (C) "
37.43641,-121.92719,"T2M",1990,8.37,7.7,10.64,14.16,14.78,17.44,20.65,20.81,18.91,16.49,11.87,6.4,14.05,"Temperature at 2 Meters (C) "
37.43641,-121.92719,"T2M",1991,8.49,11.81,8.79,10.93,13.39,16.2,20.01,18.79,19.75,17.96,11.92,8.99,13.93,"Temperature at 2 Meters (C) "
37.43641,-121.92719,"T2M",1992,8.19,11.1,11.42,13.75,17.53,18.08,20.5,20.96,19.29,17.59,12.12,7.84,14.87,"Temperature at 2 Meters (C) "
37.43641,-121.92719,"T2M",1993,7.86,8.76,11.97,11.93,14.87,18.28,19.47,20.34,19.09,16.79,11.52,8.46,14.14,"Temperature at 2 Meters (C) "
37.43641,-121.92719,"T2M",1994,9.11,8.46,11.36,12.62,14.48,17.5,19.15,19.32,18.96,15.53,8.38,7.47,13.56,"Temperature at 2 Meters (C) "
37.43641,-121.92719,"T2M",1995,10.01,11.07,10.16,11.25,13.24,16.23,19.8,20.07,18.57,17.01,14.05,10.33,14.33,"Temperature at 2 Meters (C) "
37.43641,-121.92719,"T2M",1996,9.38,10.72,11.31,13.25,14.75,17.61,21.56,21,18.17,15.22,11.66,9.9,14.56,"Temperature at 2 Meters (C) "
37.43641,-121.92719,"T2M",1997,8.87,9.06,11.26,12.75,17.88,17.69,19.91,20.29,20.45,15.67,13.08,7.84,14.59,"Temperature at 2 Meters (C) "
37.43641,-121.92719,"T2M",1998,10.02,8.95,10.55,11.05,12.09,15.51,19.16,21.48,19.35,14.78,10.64,6.57,13.37,"Temperature at 2 Meters (C) "
37.43641,-121.92719,"T2M",1999,8.2,8.23,8.29,10.87,12.56,16.12,18.15,19.01,19.25,17.24,12.34,8.98,13.3,"Temperature at 2 Meters (C) "
37.43641,-121.92719,"T2M",2000,9.37,9.92,9.93,12.56,15.06,18.55,18.08,19.21,19.33,14.4,9.46,9.41,13.78,"Temperature at 2 Meters (C) "
37.43641,-121.92719,"T2M",2001,7.59,8.05,11.48,10.51,17.78,18.49,19.06,18.99,18.24,16.6,12.6,8.91,14.06,"Temperature at 2 Meters (C) "
37.43641,-121.92719,"T2M",2002,7.04,9.67,9.84,12.08,13.94,16.95,19.42,19.48,19.72,15.42,12.52,9.92,13.85,"Temperature at 2 Meters (C) "
37.43641,-121.92719,"T2M",2003,11,9.11,11.2,10.37,14.31,17.92,20.76,20.22,20.36,17.24,10.46,9.35,14.4,"Temperature at 2 Meters (C) "
37.43641,-121.92719,"T2M",2004,8.34,8.97,13.21,13.56,15.29,17.17,19.53,20.27,19.6,15,10.68,9.08,14.24,"Temperature at 2 Meters (C) "
37.43641,-121.92719,"T2M",2005,8.36,10.31,11.85,11.3,14.9,16.31,20.8,20.43,17.44,15.57,13.08,10.25,14.25,"Temperature at 2 Meters (C) "
37.43641,-121.92719,"T2M",2006,8.61,9.43,8.17,11.56,14.57,18.34,21.77,19.23,18.64,15.47,11.62,8.49,13.85,"Temperature at 2 Meters (C) "
37.43641,-121.92719,"T2M",2007,6.5,9.54,12.15,12.45,14.94,17.43,19.64,20.13,17.89,14.63,11.94,7.39,13.74,"Temperature at 2 Meters (C) "
37.43641,-121.92719,"T2M",2008,7.27,8.57,9.89,11.62,14.67,18.49,19.75,20.13,19.64,16.84,12.81,7.37,13.93,"Temperature at 2 Meters (C) "
37.43641,-121.92719,"T2M",2009,8.74,9.16,9.92,11.83,15.66,17.16,19.5,19.98,20.19,14.53,10.77,7.5,13.77,"Temperature at 2 Meters (C) "
37.43641,-121.92719,"T2M",2010,9.15,9.77,9.8,10.29,12.17,16.51,18.08,18.1,19.7,16.01,10.65,9.39,13.32,"Temperature at 2 Meters (C) "
37.43641,-121.92719,"T2M",2011,8.37,7.75,9.84,10.69,12.15,15.53,18.29,18.13,20.33,16.37,10.28,7.8,12.99,"Temperature at 2 Meters (C) "
37.43641,-121.92719,"T2M",2012,9.05,9.37,9.9,12.36,14.34,16.84,18.62,19.6,18.05,16.44,12.72,8.36,13.82,"Temperature at 2 Meters (C) "
37.43641,-121.92719,"T2M",2013,6.99,8.21,11.05,13.78,15.75,18.72,19.89,19.33,18.4,15.38,12.54,8.11,14.04,"Temperature at 2 Meters (C) "
37.43641,-121.92719,"T2M",2014,11.46,10.64,12.5,13.63,16.59,18.56,21.45,20.54,19.69,18.55,13.32,10.68,15.67,"Temperature at 2 Meters (C) "
37.43641,-121.92719,"T2M",2015,10.19,12.34,13.23,12.98,13.81,18.93,20.66,20.76,20.58,18.67,10.47,8.35,15.1,"Temperature at 2 Meters (C) "
37.43641,-121.92719,"T2M",2016,9.93,11.7,11.72,13.38,15.14,18.56,19.54,19.02,19.18,15.96,12.64,7.83,14.55,"Temperature at 2 Meters (C) "
37.43641,-121.92719,"T2M",2017,7.72,10.13,11.69,12.43,15,17.9,20.35,21.2,21.05,17.22,12.92,9.18,14.75,"Temperature at 2 Meters (C) "
37.43641,-121.92719,"T2M",2018,10.58,9.88,10.66,12.49,14.47,17.78,20.91,19.42,18.22,16.92,13.6,9.35,14.55,"Temperature at 2 Meters (C) "
37.43641,-121.92719,"T2M",2019,10.09,7.69,10.55,13.66,13.52,18.5,19.24,21.08,19.77,16.39,13.03,9.83,14.48,"Temperature at 2 Meters (C) "
37.43641,-121.92719,"T2M_MAX",1981,16.1,15.64,15.37,19.76,23.36,30.06,30.77,30.72,28.55,22.06,17.74,14.26,22.06,"Maximum Temperature at 2 Meters (C) "
37.43641,-121.92719,"T2M_MAX",1982,11.19,14.51,13.35,16.44,21.58,23.77,28.67,29.4,26.87,22.83,15.93,13.02,19.83,"Maximum Temperature at 2 Meters (C) "
37.43641,-121.92719,"T2M_MAX",1983,14.35,14.49,14.25,15.26,20.14,24.08,27.43,29.72,29.86,24.76,15.96,12.96,20.31,"Maximum Temperature at 2 Meters (C) "
37.43641,-121.92719,"T2M_MAX",1984,14.22,14.35,16.85,17.82,25.29,27.21,32.49,30.14,31.54,21.61,14.95,12.38,21.6,"Maximum Temperature at 2 Meters (C) "
37.43641,-121.92719,"T2M_MAX",1985,13.7,15.53,14.42,21.43,22.13,29.76,31.95,29.16,25.78,23.93,15.53,14.32,21.5,"Maximum Temperature at 2 Meters (C) "
37.43641,-121.92719,"T2M_MAX",1986,15.98,15.57,17.5,17.43,21.88,27.34,30.03,31.07,24.6,24.48,21.35,16.29,22,"Maximum Temperature at 2 Meters (C) "
37.43641,-121.92719,"T2M_MAX",1987,13.61,16.07,16.14,22.84,25.16,28.44,27.25,31.08,29.77,26.78,17.99,12.72,22.35,"Maximum Temperature at 2 Meters (C) "
37.43641,-121.92719,"T2M_MAX",1988,13.81,17.97,19.58,20.38,22.01,27.14,32.33,30.69,29.93,26.08,17.13,14.3,22.63,"Maximum Temperature at 2 Meters (C) "
37.43641,-121.92719,"T2M_MAX",1989,13.58,12.78,15.62,21.28,22.24,27.04,29.31,29.23,26.68,23.59,20.01,17.5,21.62,"Maximum Temperature at 2 Meters (C) "
37.43641,-121.92719,"T2M_MAX",1990,14.79,13.88,17.28,21.88,22.26,26.28,30.79,30.24,28.65,26.22,20.29,13.73,22.24,"Maximum Temperature at 2 Meters (C) "
37.43641,-121.92719,"T2M_MAX",1991,16.02,19.45,13.52,17.36,20.82,25.06,30.17,27.89,30.34,27.03,19.52,15.99,21.94,"Maximum Temperature at 2 Meters (C) "
37.43641,-121.92719,"T2M_MAX",1992,14.79,15.98,16.33,20.41,26.32,26.66,29.62,31.18,29.4,25.73,19.4,13.22,22.44,"Maximum Temperature at 2 Meters (C) "
37.43641,-121.92719,"T2M_MAX",1993,12.77,13.09,17.56,17.66,21.41,26.66,29.42,29.75,29.35,25.19,19.21,14.99,21.47,"Maximum Temperature at 2 Meters (C) "
37.43641,-121.92719,"T2M_MAX",1994,16.08,13.73,18.23,19.71,21.81,26.81,29.1,29.74,28.64,24.15,14.35,12.79,21.31,"Maximum Temperature at 2 Meters (C) "
37.43641,-121.92719,"T2M_MAX",1995,13.13,17.01,14.81,16.6,18.93,23.63,28.62,30.21,28.17,26.54,22.27,15.56,21.31,"Maximum Temperature at 2 Meters (C) "
37.43641,-121.92719,"T2M_MAX",1996,14.33,14.85,16.92,19.65,21.74,26.87,31.67,31.89,28.03,23.58,17.86,14.34,21.84,"Maximum Temperature at 2 Meters (C) "
37.43641,-121.92719,"T2M_MAX",1997,13.17,14.44,17.83,19.9,26.8,26.08,29.63,29.4,29.73,24,19.17,13.43,22.01,"Maximum Temperature at 2 Meters (C) "
37.43641,-121.92719,"T2M_MAX",1998,13.63,12.33,15.54,16.52,16.65,21.6,28.14,31.8,27.94,22.99,16.02,12.69,19.71,"Maximum Temperature at 2 Meters (C) "
37.43641,-121.92719,"T2M_MAX",1999,13.84,13.18,13.35,16.83,19.94,24.81,27.16,28.05,29.74,27.03,18.94,16.45,20.82,"Maximum Temperature at 2 Meters (C) "
37.43641,-121.92719,"T2M_MAX",2000,13.79,13.97,15.67,19.14,22.21,27.59,27.04,29.06,28.71,21.96,15.97,15.9,20.94,"Maximum Temperature at 2 Meters (C) "
37.43641,-121.92719,"T2M_MAX",2001,13.64,13.01,17.44,16.76,27.45,27.78,28.07,28.66,27.88,24.93,18.78,12.61,21.47,"Maximum Temperature at 2 Meters (C) "
37.43641,-121.92719,"T2M_MAX",2002,11.98,15.86,15.86,18.42,21.68,25.53,28.95,29.41,29.23,24.11,19.9,14.07,21.27,"Maximum Temperature at 2 Meters (C) "
37.43641,-121.92719,"T2M_MAX",2003,16.29,14.48,17.13,15.51,21.61,26.52,30.56,29.53,29.93,26.51,16.58,13.6,21.57,"Maximum Temperature at 2 Meters (C) "
37.43641,-121.92719,"T2M_MAX",2004,13.07,13.4,19.95,21.03,23,25.56,28.75,29.94,29.08,22.48,17.01,14.93,21.54,"Maximum Temperature at 2 Meters (C) "
37.43641,-121.92719,"T2M_MAX",2005,13.38,15.12,17.12,17.27,21.28,24.03,30.59,30.65,26.59,23.99,20.55,14.88,21.33,"Maximum Temperature at 2 Meters (C) "
37.43641,-121.92719,"T2M_MAX",2006,13.46,15.27,12.32,16.73,21.63,26.82,31.42,29.26,28.88,23.72,17.84,14.69,21.03,"Maximum Temperature at 2 Meters (C) "
37.43641,-121.92719,"T2M_MAX",2007,13.46,14.67,19.61,19.77,23.32,26.52,28.94,30.06,26.2,22.35,19.74,12.86,21.5,"Maximum Temperature at 2 Meters (C) "
37.43641,-121.92719,"T2M_MAX",2008,11.71,14.15,16.29,19.14,22.89,28.19,29.66,30.33,30.07,25.63,19.47,12.98,21.72,"Maximum Temperature at 2 Meters (C) "
37.43641,-121.92719,"T2M_MAX",2009,15.84,13.94,15.66,18.53,23.97,24.94,29.16,30.02,30.03,21.74,17.88,12.6,21.23,"Maximum Temperature at 2 Meters (C) "
37.43641,-121.92719,"T2M_MAX",2010,13.78,14.14,15.5,15.88,18.51,24.34,27.27,27.49,29.42,23.46,17.27,13.72,20.1,"Maximum Temperature at 2 Meters (C) "
37.43641,-121.92719,"T2M_MAX",2011,14.02,13.25,14.55,16.5,18.22,22.74,26.93,27.67,30.36,24.33,16.81,14.98,20.07,"Maximum Temperature at 2 Meters (C) "
37.43641,-121.92719,"T2M_MAX",2012,15.82,15.74,15.49,18.9,22.47,25.38,27.95,29.95,28.67,24.37,19.29,12.61,21.4,"Maximum Temperature at 2 Meters (C) "
37.43641,-121.92719,"T2M_MAX",2013,12.95,14.44,17.72,21.92,23.82,27.64,29.37,28.72,26.91,24.29,19.91,15.49,21.97,"Maximum Temperature at 2 Meters (C) "
37.43641,-121.92719,"T2M_MAX",2014,19.05,16.72,19.27,21.11,24.6,28,30.89,30.18,28.9,26.99,19.9,14.84,23.41,"Maximum Temperature at 2 Meters (C) "
37.43641,-121.92719,"T2M_MAX",2015,16.15,18.21,20.2,20.35,20.6,27.51,29.16,29.79,29.21,27.32,17.14,13.2,22.42,"Maximum Temperature at 2 Meters (C) "
37.43641,-121.92719,"T2M_MAX",2016,13.98,17.97,16.81,19.31,22.19,27.69,29.32,28.89,28.58,22.87,18.77,12.91,21.6,"Maximum Temperature at 2 Meters (C) "
37.43641,-121.92719,"T2M_MAX",2017,11.82,13.94,17.14,18.06,22.25,26.3,30.57,30.72,29.47,26.51,19.08,16.52,21.92,"Maximum Temperature at 2 Meters (C) "
37.43641,-121.92719,"T2M_MAX",2018,16,16.54,16.06,19.16,21.79,26.78,30.83,29.49,28.41,25.77,20.88,14.61,22.22,"Maximum Temperature at 2 Meters (C) "
37.43641,-121.92719,"T2M_MAX",2019,15,11.6,15.5,20.07,19.78,26.97,28.22,30.83,28.27,25.63,20.64,14.09,21.43,"Maximum Temperature at 2 Meters (C) "
37.43641,-121.92719,"T2M_MIN",1981,6.19,5.43,5.71,6.86,8.77,12.03,11.44,11.84,11.52,8.66,8.22,6.13,8.58,"Minimum Temperature at 2 Meters (C) "
37.43641,-121.92719,"T2M_MIN",1982,1.71,4.94,4.99,5.91,8.12,9.82,11.06,12.16,11.57,9.86,6.26,3.76,7.52,"Minimum Temperature at 2 Meters (C) "
37.43641,-121.92719,"T2M_MIN",1983,5.12,6.65,6.9,5.91,8,10.19,11.47,13.37,13.57,11.46,7.3,6.48,8.88,"Minimum Temperature at 2 Meters (C) "
37.43641,-121.92719,"T2M_MIN",1984,4.51,4.99,6.27,5.96,9.3,10.09,13.59,12.64,14.06,8.68,6.41,3.37,8.33,"Minimum Temperature at 2 Meters (C) "
37.43641,-121.92719,"T2M_MIN",1985,3.01,3.87,4.33,7.75,7.95,11.53,13.1,11.7,11.01,8.93,4.89,3.78,7.67,"Minimum Temperature at 2 Meters (C) "
37.43641,-121.92719,"T2M_MIN",1986,7.2,7.1,7.59,6.24,8,10.82,11.63,12.01,10.28,9.57,7.48,4.9,8.58,"Minimum Temperature at 2 Meters (C) "
37.43641,-121.92719,"T2M_MIN",1987,3.41,4.75,5.71,7.9,10.4,10.68,10.73,12.16,12.26,12.14,7.07,4.14,8.47,"Minimum Temperature at 2 Meters (C) "
37.43641,-121.92719,"T2M_MIN",1988,4.82,4.86,5.69,7.57,8.27,10.65,13,12.86,11.24,10.34,7.38,4.25,8.42,"Minimum Temperature at 2 Meters (C) "
37.43641,-121.92719,"T2M_MIN",1989,2.61,2.87,6.86,8.41,8.95,10.92,10.84,11.17,11.05,9.76,6.49,4.73,7.91,"Minimum Temperature at 2 Meters (C) "
37.43641,-121.92719,"T2M_MIN",1990,4.34,3.25,6.08,8.51,9.36,10.28,12.87,13.62,12.04,10.1,6.45,2.11,8.28,"Minimum Temperature at 2 Meters (C) "
37.43641,-121.92719,"T2M_MIN",1991,4.07,6.79,4.89,5.7,7.67,9.4,12.04,12.07,12.3,11.66,7.09,4.37,8.18,"Minimum Temperature at 2 Meters (C) "
37.43641,-121.92719,"T2M_MIN",1992,3.73,7.33,7.57,8.43,10.54,11.36,13.12,13.02,12.27,12.05,7.33,3.78,9.21,"Minimum Temperature at 2 Meters (C) "
37.43641,-121.92719,"T2M_MIN",1993,3.97,5.2,7.82,7.07,9.21,11.07,11.5,13.21,12.14,11.29,6.18,4.28,8.6,"Minimum Temperature at 2 Meters (C) "
37.43641,-121.92719,"T2M_MIN",1994,4.56,4.51,6.31,7.38,8.86,9.84,11.23,11.43,12.22,9.8,3.92,3.75,7.84,"Minimum Temperature at 2 Meters (C) "
37.43641,-121.92719,"T2M_MIN",1995,7.48,7.14,6.06,6.6,8.73,10,12.66,12.31,11.64,10.66,9.07,6.83,9.11,"Minimum Temperature at 2 Meters (C) "
37.43641,-121.92719,"T2M_MIN",1996,5.68,7.49,6.5,7.96,9.21,10.37,13.14,12.81,11.13,9.44,7.6,6.69,9.01,"Minimum Temperature at 2 Meters (C) "
37.43641,-121.92719,"T2M_MIN",1997,5.7,5,6.28,7.18,10.7,11.05,12.16,13.09,13.64,9.96,8.91,3.83,8.98,"Minimum Temperature at 2 Meters (C) "
37.43641,-121.92719,"T2M_MIN",1998,7.05,5.99,6.67,6.56,8.01,10.46,11.99,13.61,13.21,9.12,6.79,2.41,8.5,"Minimum Temperature at 2 Meters (C) "
37.43641,-121.92719,"T2M_MIN",1999,4.14,4.28,4.23,5.88,7.09,9.57,11.12,12.23,11.97,10.77,7.88,4.16,7.79,"Minimum Temperature at 2 Meters (C) "
37.43641,-121.92719,"T2M_MIN",2000,6.17,6.72,5.32,7.49,9.32,11.19,11.11,11.85,12.3,9.5,5.45,5.15,8.47,"Minimum Temperature at 2 Meters (C) "
37.43641,-121.92719,"T2M_MIN",2001,3.33,4.32,6.99,5.59,10.24,10.85,12.02,11.81,11.45,11.07,8.2,5.69,8.49,"Minimum Temperature at 2 Meters (C) "
37.43641,-121.92719,"T2M_MIN",2002,3.25,5.26,5,7.14,8.01,10.24,11.92,12.12,12.89,10.08,7.82,6.75,8.39,"Minimum Temperature at 2 Meters (C) "
37.43641,-121.92719,"T2M_MIN",2003,7.42,5.12,6.67,5.94,8.57,11.32,12.78,13.11,13.62,11,6.31,6.06,9.02,"Minimum Temperature at 2 Meters (C) "
37.43641,-121.92719,"T2M_MIN",2004,5.05,5.47,8.01,7.78,9.5,10.78,12.11,13.17,12.62,9.71,6.19,5.14,8.81,"Minimum Temperature at 2 Meters (C) "
37.43641,-121.92719,"T2M_MIN",2005,4.83,6.68,7.48,6.54,9.38,10.06,12.91,12.84,10.99,9.97,7.96,6.73,8.88,"Minimum Temperature at 2 Meters (C) "
37.43641,-121.92719,"T2M_MIN",2006,4.79,5.14,4.5,7.44,8.96,11.61,13.97,11.82,11.56,9.97,7.3,4.23,8.46,"Minimum Temperature at 2 Meters (C) "
37.43641,-121.92719,"T2M_MIN",2007,2.03,5.8,6.7,6.99,8.69,10.2,12.26,12.67,11.87,9.38,6.76,3.27,8.06,"Minimum Temperature at 2 Meters (C) "
37.43641,-121.92719,"T2M_MIN",2008,4.05,4.52,4.96,5.53,8.62,10.57,12.24,12.6,12.54,10.81,8.37,3.36,8.19,"Minimum Temperature at 2 Meters (C) "
37.43641,-121.92719,"T2M_MIN",2009,4.13,5.36,5.7,6.52,9.36,11.03,11.89,12.44,13.12,9.81,6.11,3.85,8.29,"Minimum Temperature at 2 Meters (C) "
37.43641,-121.92719,"T2M_MIN",2010,6,6.56,5.15,5.62,6.99,10.43,11.14,11.24,12.66,11.07,6.01,6.18,8.26,"Minimum Temperature at 2 Meters (C) "
37.43641,-121.92719,"T2M_MIN",2011,4.51,3.26,5.72,5.84,7.53,9.9,11.24,11.18,13.32,11,5.97,3.36,7.76,"Minimum Temperature at 2 Meters (C) "
37.43641,-121.92719,"T2M_MIN",2012,4.46,4.65,5.23,7.23,8.11,9.7,11.28,11.95,10.95,11.04,8.19,5.09,8.17,"Minimum Temperature at 2 Meters (C) "
37.43641,-121.92719,"T2M_MIN",2013,2.87,3.74,6.25,7.59,9.57,11.52,12.29,12.44,12.27,9.43,7.67,3.15,8.25,"Minimum Temperature at 2 Meters (C) "
37.43641,-121.92719,"T2M_MIN",2014,6.42,6.6,7.39,8.03,10.24,10.93,13.9,13.6,13.36,12.97,8.92,7.48,10.01,"Minimum Temperature at 2 Meters (C) "
37.43641,-121.92719,"T2M_MIN",2015,6.06,7.89,8.09,7.33,9.11,11.97,14.12,14,14.41,13.2,6.05,4.68,9.76,"Minimum Temperature at 2 Meters (C) "
37.43641,-121.92719,"T2M_MIN",2016,6.79,6.98,7.56,8.6,9.77,11.1,11.81,12.04,12.56,11.09,8.41,4.09,9.24,"Minimum Temperature at 2 Meters (C) "
37.43641,-121.92719,"T2M_MIN",2017,4.4,6.97,7.27,7.66,9.43,11.29,12.26,14.32,15.04,10.84,8.59,4.29,9.37,"Minimum Temperature at 2 Meters (C) "
37.43641,-121.92719,"T2M_MIN",2018,6.89,4.83,5.83,7.04,9.38,10.77,13.34,12.29,11.15,11.12,8.41,5.66,8.92,"Minimum Temperature at 2 Meters (C) "
37.43641,-121.92719,"T2M_MIN",2019,6.37,3.92,6.33,8.68,8.76,11.46,12.36,13.77,13.58,9.95,8.19,6.75,9.21,"Minimum Temperature at 2 Meters (C) "
37.43641,-121.92719,"PS",1981,98.99,99.1,98.87,98.9,98.65,98.59,98.56,98.48,98.67,98.81,98.94,99.16,98.81,"Surface Pressure (kPa) "
37.43641,-121.92719,"PS",1982,99.11,99.11,98.7,98.96,98.56,98.61,98.66,98.73,98.51,98.93,98.72,99.07,98.8,"Surface Pressure (kPa) "
37.43641,-121.92719,"PS",1983,98.88,98.65,98.52,98.63,98.81,98.57,98.68,98.73,98.47,98.83,98.85,99.04,98.72,"Surface Pressure (kPa) "
37.43641,-121.92719,"PS",1984,99.34,99.24,99.03,98.91,98.83,98.57,98.47,98.61,98.39,98.88,98.97,98.82,98.84,"Surface Pressure (kPa) "
37.43641,-121.92719,"PS",1985,99.25,99.09,99.01,98.82,98.74,98.58,98.64,98.7,98.66,98.74,98.81,99.32,98.86,"Surface Pressure (kPa) "
37.43641,-121.92719,"PS",1986,99.14,98.81,98.86,98.89,98.66,98.64,98.72,98.56,98.62,98.84,99.14,99.12,98.83,"Surface Pressure (kPa) "
37.43641,-121.92719,"PS",1987,99.18,98.89,98.86,98.86,98.63,98.66,98.52,98.6,98.72,98.81,99.11,99.04,98.82,"Surface Pressure (kPa) "
37.43641,-121.92719,"PS",1988,99.23,99.18,99.24,98.73,98.87,98.62,98.61,98.44,98.55,98.82,99.12,99.23,98.89,"Surface Pressure (kPa) "
37.43641,-121.92719,"PS",1989,99.4,99.28,99.03,98.86,98.85,98.62,98.75,98.54,98.56,98.9,99.04,99.26,98.92,"Surface Pressure (kPa) "
37.43641,-121.92719,"PS",1990,99.15,99.27,99.03,98.8,98.66,98.7,98.59,98.71,98.7,98.83,99.15,99.19,98.9,"Surface Pressure (kPa) "
37.43641,-121.92719,"PS",1991,99.25,99.02,98.61,99.05,98.78,98.59,98.64,98.82,98.59,98.69,99.14,98.94,98.84,"Surface Pressure (kPa) "
37.43641,-121.92719,"PS",1992,99.05,98.76,98.63,98.89,98.59,98.47,98.66,98.7,98.58,98.72,99.17,98.9,98.76,"Surface Pressure (kPa) "
37.43641,-121.92719,"PS",1993,98.68,98.64,99.09,99.04,98.67,98.53,98.52,98.56,98.65,98.83,99.03,99.22,98.79,"Surface Pressure (kPa) "
37.43641,-121.92719,"PS",1994,99.3,98.92,98.99,98.87,98.69,98.71,98.62,98.64,98.7,98.64,99.06,99.07,98.85,"Surface Pressure (kPa) "
37.43641,-121.92719,"PS",1995,98.66,99.01,98.75,98.86,98.64,98.66,98.67,98.37,98.63,98.68,99.1,99.13,98.76,"Surface Pressure (kPa) "
37.43641,-121.92719,"PS",1996,99.06,98.84,98.9,99.02,98.74,98.6,98.56,98.55,98.49,98.78,99.03,98.97,98.8,"Surface Pressure (kPa) "
37.43641,-121.92719,"PS",1997,99.02,99.18,99.09,98.9,98.76,98.42,98.61,98.71,98.47,98.82,98.7,99.1,98.81,"Surface Pressure (kPa) "
37.43641,-121.92719,"PS",1998,98.82,98.45,98.68,98.85,98.78,98.72,98.68,98.65,98.33,98.78,99.02,99.49,98.77,"Surface Pressure (kPa) "
37.43641,-121.92719,"PS",1999,99.18,99.34,98.84,98.83,98.81,98.62,98.72,98.67,98.45,98.91,99.14,99.53,98.92,"Surface Pressure (kPa) "
37.43641,-121.92719,"PS",2000,99.3,98.87,98.97,98.98,98.75,98.58,98.75,98.65,98.52,98.68,99.12,99.26,98.87,"Surface Pressure (kPa) "
37.43641,-121.92719,"PS",2001,99.13,98.81,98.84,98.9,98.65,98.66,98.62,98.68,98.54,98.81,98.95,99.11,98.81,"Surface Pressure (kPa) "
37.43641,-121.92719,"PS",2002,99.34,99.35,99.08,98.89,98.76,98.57,98.65,98.62,98.46,98.66,99.09,99.02,98.87,"Surface Pressure (kPa) "
37.43641,-121.92719,"PS",2003,99.34,98.82,98.99,98.8,98.72,98.43,98.67,98.74,98.54,98.7,99.04,99.06,98.82,"Surface Pressure (kPa) "
37.43641,-121.92719,"PS",2004,99.2,98.99,98.98,98.85,98.78,98.63,98.63,98.65,98.52,98.55,99.16,98.99,98.83,"Surface Pressure (kPa) "
37.43641,-121.92719,"PS",2005,98.95,98.79,98.93,98.92,98.7,98.51,98.52,98.54,98.69,98.79,99.11,99.14,98.8,"Surface Pressure (kPa) "
37.43641,-121.92719,"PS",2006,99.29,99.07,98.73,98.67,98.7,98.68,98.57,98.58,98.58,98.72,99.11,99.38,98.84,"Surface Pressure (kPa) "
37.43641,-121.92719,"PS",2007,99.36,99.1,99.11,98.9,98.74,98.66,98.62,98.52,98.63,98.9,99.01,99.34,98.91,"Surface Pressure (kPa) "
37.43641,-121.92719,"PS",2008,98.95,99.11,99.32,99.06,98.64,98.65,98.53,98.4,98.53,98.94,99.12,99.07,98.86,"Surface Pressure (kPa) "
37.43641,-121.92719,"PS",2009,99.41,98.88,99.01,98.91,98.73,98.48,98.65,98.66,98.62,98.68,98.98,98.94,98.83,"Surface Pressure (kPa) "
37.43641,-121.92719,"PS",2010,98.65,98.73,99,98.72,98.89,98.71,98.53,98.49,98.48,98.88,99.11,98.81,98.75,"Surface Pressure (kPa) "
37.43641,-121.92719,"PS",2011,99.24,99.05,98.97,98.99,98.81,98.53,98.49,98.55,98.6,98.79,99,99.35,98.86,"Surface Pressure (kPa) "
37.43641,-121.92719,"PS",2012,99.35,99.1,98.89,98.88,98.75,98.56,98.62,98.52,98.74,98.81,99.02,98.94,98.85,"Surface Pressure (kPa) "
37.43641,-121.92719,"PS",2013,99.38,99.26,99.05,98.88,98.79,98.55,98.55,98.65,98.53,98.75,98.96,99.25,98.88,"Surface Pressure (kPa) "
37.43641,-121.92719,"PS",2014,99.24,98.9,98.97,98.84,98.82,98.45,98.68,98.61,98.45,98.69,99.06,99.01,98.81,"Surface Pressure (kPa) "
37.43641,-121.92719,"PS",2015,99.29,98.94,99.1,98.8,98.64,98.53,98.63,98.65,98.48,98.69,99.02,99.16,98.83,"Surface Pressure (kPa) "
37.43641,-121.92719,"PS",2016,99.03,99.31,98.91,98.89,98.63,98.72,98.67,98.6,98.7,98.76,99.05,99.1,98.86,"Surface Pressure (kPa) "
37.43641,-121.92719,"PS",2017,98.88,98.76,99.16,98.93,98.62,98.56,98.65,98.53,98.51,98.76,98.98,99.34,98.81,"Surface Pressure (kPa) "
37.43641,-121.92719,"PS",2018,99.24,99.14,98.9,98.97,98.74,98.54,98.73,98.66,98.52,98.7,98.94,99.18,98.85,"Surface Pressure (kPa) "
37.43641,-121.92719,"PS",2019,98.99,98.63,98.94,98.82,98.53,98.58,98.66,98.59,98.6,98.77,98.7,98.94,98.73,"Surface Pressure (kPa) "
37.43641,-121.92719,"WS2M_MIN",1981,0.9,0.69,0.79,0.96,1.26,1.21,1.04,1.19,0.9,0.82,0.73,0.87,0.95,"Minimum Wind Speed at 2 Meters (m/s) "
37.43641,-121.92719,"WS2M_MIN",1982,0.91,0.63,0.72,0.98,0.96,1.2,1.23,1.08,0.87,0.64,0.79,0.91,0.91,"Minimum Wind Speed at 2 Meters (m/s) "
37.43641,-121.92719,"WS2M_MIN",1983,0.78,0.9,0.84,0.9,1.07,1.27,1.19,0.98,0.82,0.72,0.92,0.86,0.94,"Minimum Wind Speed at 2 Meters (m/s) "
37.43641,-121.92719,"WS2M_MIN",1984,0.6,0.71,0.97,1.17,1.22,1.27,1.02,1.13,0.67,0.94,0.89,0.87,0.95,"Minimum Wind Speed at 2 Meters (m/s) "
37.43641,-121.92719,"WS2M_MIN",1985,0.52,0.76,0.99,0.85,1.13,0.98,1.11,1.03,0.79,0.68,0.72,0.68,0.85,"Minimum Wind Speed at 2 Meters (m/s) "
37.43641,-121.92719,"WS2M_MIN",1986,0.75,1.24,0.85,0.86,0.95,1,1.09,0.93,0.85,0.69,0.81,0.54,0.88,"Minimum Wind Speed at 2 Meters (m/s) "
37.43641,-121.92719,"WS2M_MIN",1987,0.7,0.75,0.91,0.84,1.08,0.98,1.37,0.85,0.92,0.54,0.77,1.04,0.9,"Minimum Wind Speed at 2 Meters (m/s) "
37.43641,-121.92719,"WS2M_MIN",1988,0.73,0.69,0.99,0.8,1.13,1.11,1.11,0.99,0.75,0.57,0.81,0.71,0.87,"Minimum Wind Speed at 2 Meters (m/s) "
37.43641,-121.92719,"WS2M_MIN",1989,0.71,0.73,0.92,0.74,1.2,1.2,1.34,0.97,0.79,0.7,0.72,0.58,0.89,"Minimum Wind Speed at 2 Meters (m/s) "
37.43641,-121.92719,"WS2M_MIN",1990,0.88,0.85,0.87,0.99,0.99,1.21,1.15,0.96,0.9,0.76,0.78,0.84,0.93,"Minimum Wind Speed at 2 Meters (m/s) "
37.43641,-121.92719,"WS2M_MIN",1991,0.56,0.68,1.01,1.02,1.14,1.19,1.03,1.12,0.68,0.78,0.82,0.75,0.9,"Minimum Wind Speed at 2 Meters (m/s) "
37.43641,-121.92719,"WS2M_MIN",1992,0.71,0.85,0.7,0.94,0.94,1.13,1.01,1.02,0.77,0.68,0.75,1.08,0.88,"Minimum Wind Speed at 2 Meters (m/s) "
37.43641,-121.92719,"WS2M_MIN",1993,0.97,0.97,0.62,0.96,0.86,0.97,1.03,1.02,0.75,0.68,0.78,0.8,0.87,"Minimum Wind Speed at 2 Meters (m/s) "
37.43641,-121.92719,"WS2M_MIN",1994,0.67,0.7,0.72,0.86,0.98,1.14,1.19,1.18,0.8,0.78,0.95,0.81,0.9,"Minimum Wind Speed at 2 Meters (m/s) "
37.43641,-121.92719,"WS2M_MIN",1995,1.28,0.49,0.9,0.93,0.87,1,0.98,1.03,0.96,0.65,0.64,0.83,0.88,"Minimum Wind Speed at 2 Meters (m/s) "
37.43641,-121.92719,"WS2M_MIN",1996,0.66,0.87,0.63,0.85,1.1,1.06,0.96,0.95,0.76,0.94,0.94,1.04,0.9,"Minimum Wind Speed at 2 Meters (m/s) "
37.43641,-121.92719,"WS2M_MIN",1997,0.85,0.94,0.76,1.1,0.94,1.47,1.3,1.1,0.86,0.88,0.79,0.98,1,"Minimum Wind Speed at 2 Meters (m/s) "
37.43641,-121.92719,"WS2M_MIN",1998,0.7,0.9,0.75,0.86,1,1.19,1.17,1.09,0.94,0.85,0.79,0.79,0.92,"Minimum Wind Speed at 2 Meters (m/s) "
37.43641,-121.92719,"WS2M_MIN",1999,0.76,0.8,0.93,1.13,1.37,1.39,1.32,1.08,0.82,0.66,0.62,0.77,0.97,"Minimum Wind Speed at 2 Meters (m/s) "
37.43641,-121.92719,"WS2M_MIN",2000,0.65,0.86,0.94,0.95,1.12,1.24,1.46,1.14,0.8,0.84,0.67,0.61,0.94,"Minimum Wind Speed at 2 Meters (m/s) "
37.43641,-121.92719,"WS2M_MIN",2001,0.78,0.83,0.8,0.94,1.01,1.27,1.35,1.22,0.96,0.7,0.73,0.84,0.95,"Minimum Wind Speed at 2 Meters (m/s) "
37.43641,-121.92719,"WS2M_MIN",2002,0.69,0.65,0.84,0.89,1.17,1.43,1.31,1.1,0.8,0.73,0.85,1.08,0.96,"Minimum Wind Speed at 2 Meters (m/s) "
37.43641,-121.92719,"WS2M_MIN",2003,0.55,0.73,0.94,0.94,0.95,1.36,1.26,1.11,0.84,0.76,0.79,0.72,0.91,"Minimum Wind Speed at 2 Meters (m/s) "
37.43641,-121.92719,"WS2M_MIN",2004,0.61,0.85,0.74,0.86,1.21,1.52,1.34,1.09,0.87,0.8,0.65,0.86,0.95,"Minimum Wind Speed at 2 Meters (m/s) "
37.43641,-121.92719,"WS2M_MIN",2005,0.72,0.68,0.72,0.91,1.02,1.23,1.22,1.02,0.89,0.76,0.62,0.86,0.89,"Minimum Wind Speed at 2 Meters (m/s) "
37.43641,-121.92719,"WS2M_MIN",2006,0.8,0.72,0.81,0.85,0.98,1.08,1.05,1.06,0.82,0.68,0.69,0.8,0.86,"Minimum Wind Speed at 2 Meters (m/s) "
37.43641,-121.92719,"WS2M_MIN",2007,0.8,0.8,0.74,0.95,1.24,1.22,1.26,1.07,0.82,0.68,0.59,0.83,0.92,"Minimum Wind Speed at 2 Meters (m/s) "
37.43641,-121.92719,"WS2M_MIN",2008,0.94,0.68,0.84,0.97,1.27,1.2,1.27,1.13,0.71,0.74,0.65,0.77,0.93,"Minimum Wind Speed at 2 Meters (m/s) "
37.43641,-121.92719,"WS2M_MIN",2009,0.67,0.9,0.94,1.01,1.06,1.19,1.29,1.03,0.86,0.89,0.81,0.77,0.95,"Minimum Wind Speed at 2 Meters (m/s) "
37.43641,-121.92719,"WS2M_MIN",2010,0.78,0.61,0.78,0.89,1.08,1.45,1.33,1.24,0.84,0.68,0.88,0.7,0.94,"Minimum Wind Speed at 2 Meters (m/s) "
37.43641,-121.92719,"WS2M_MIN",2011,0.74,0.76,0.88,0.98,1.25,1.22,1.29,1.32,0.73,0.61,0.79,0.57,0.93,"Minimum Wind Speed at 2 Meters (m/s) "
37.43641,-121.92719,"WS2M_MIN",2012,0.69,0.8,0.79,0.9,1.24,1.35,1.26,1.24,0.96,0.74,0.79,0.8,0.96,"Minimum Wind Speed at 2 Meters (m/s) "
37.43641,-121.92719,"WS2M_MIN",2013,0.69,0.78,0.7,0.97,1.22,1.28,1.34,1.09,0.98,0.69,0.55,0.61,0.91,"Minimum Wind Speed at 2 Meters (m/s) "
37.43641,-121.92719,"WS2M_MIN",2014,0.53,0.84,0.72,0.82,1.12,1.41,1.16,1.16,0.89,0.66,0.6,0.73,0.89,"Minimum Wind Speed at 2 Meters (m/s) "
37.43641,-121.92719,"WS2M_MIN",2015,0.43,0.66,0.64,1.01,1.29,1.24,1.29,1.14,0.81,0.58,0.79,0.78,0.89,"Minimum Wind Speed at 2 Meters (m/s) "
37.43641,-121.92719,"WS2M_MIN",2016,0.61,0.64,0.9,0.8,1.02,1.19,1.42,1.27,0.97,0.76,0.62,0.81,0.92,"Minimum Wind Speed at 2 Meters (m/s) "
37.43641,-121.92719,"WS2M_MIN",2017,0.97,0.88,0.69,0.83,1.09,1.28,1.27,1.15,0.86,0.64,0.67,0.63,0.92,"Minimum Wind Speed at 2 Meters (m/s) "
37.43641,-121.92719,"WS2M_MIN",2018,0.56,0.69,0.77,0.91,1.29,1.44,1.4,1.18,0.96,0.65,0.56,0.72,0.93,"Minimum Wind Speed at 2 Meters (m/s) "
37.43641,-121.92719,"WS2M_MIN",2019,0.83,1.18,0.7,0.77,1.05,1.16,1.46,1.19,0.97,0.7,0.49,0.85,0.95,"Minimum Wind Speed at 2 Meters (m/s) "
37.43641,-121.92719,"WS2M_MAX",1981,2.57,2.08,2.52,2.49,3.25,3.39,2.85,2.88,2.69,2.43,2.41,2.51,2.68,"Maximum Wind Speed at 2 Meters (m/s) "
37.43641,-121.92719,"WS2M_MAX",1982,2.47,2.15,2.64,2.59,2.49,2.96,2.93,2.87,2.72,2.27,2.39,2.66,2.6,"Maximum Wind Speed at 2 Meters (m/s) "
37.43641,-121.92719,"WS2M_MAX",1983,2.73,2.87,2.81,2.77,2.66,3,3.11,2.86,2.56,2.17,3.2,2.78,2.79,"Maximum Wind Speed at 2 Meters (m/s) "
37.43641,-121.92719,"WS2M_MAX",1984,1.82,2.17,2.78,3.07,3.29,3.29,2.88,2.96,2.62,3,3.17,2.48,2.79,"Maximum Wind Speed at 2 Meters (m/s) "
37.43641,-121.92719,"WS2M_MAX",1985,1.68,2.29,2.95,2.49,3.09,2.98,3.06,2.84,2.6,2.58,2.31,1.93,2.57,"Maximum Wind Speed at 2 Meters (m/s) "
37.43641,-121.92719,"WS2M_MAX",1986,2.12,3.11,2.4,2.47,2.78,2.89,2.87,2.6,2.87,2.31,2.47,1.83,2.55,"Maximum Wind Speed at 2 Meters (m/s) "
37.43641,-121.92719,"WS2M_MAX",1987,2.47,2.71,2.78,2.54,2.98,2.97,3.31,2.68,2.59,1.95,2.54,3.36,2.74,"Maximum Wind Speed at 2 Meters (m/s) "
37.43641,-121.92719,"WS2M_MAX",1988,2.38,2.01,2.91,2.66,3.12,3.12,2.98,2.84,2.57,2.07,2.81,2.6,2.68,"Maximum Wind Speed at 2 Meters (m/s) "
37.43641,-121.92719,"WS2M_MAX",1989,2.14,2.19,2.68,2.28,3.06,3.14,3.27,2.8,2.39,2.39,2.08,1.73,2.52,"Maximum Wind Speed at 2 Meters (m/s) "
37.43641,-121.92719,"WS2M_MAX",1990,2.52,2.63,2.42,2.81,3.1,3.09,2.84,2.97,2.59,2.47,2.53,2.34,2.69,"Maximum Wind Speed at 2 Meters (m/s) "
37.43641,-121.92719,"WS2M_MAX",1991,1.84,2.1,3.28,2.93,3.04,3,2.85,2.94,2.35,2.52,2.74,2.37,2.67,"Maximum Wind Speed at 2 Meters (m/s) "
37.43641,-121.92719,"WS2M_MAX",1992,2.11,2.43,2.21,2.42,2.68,3.11,3.04,2.85,2.63,2.19,2.46,2.9,2.59,"Maximum Wind Speed at 2 Meters (m/s) "
37.43641,-121.92719,"WS2M_MAX",1993,2.63,2.64,2.01,2.72,2.88,3.15,3.05,2.86,2.49,2.06,2.54,2.24,2.6,"Maximum Wind Speed at 2 Meters (m/s) "
37.43641,-121.92719,"WS2M_MAX",1994,2,2.42,2.12,2.78,2.7,3.1,2.74,2.84,2.51,2.5,3.05,2.14,2.57,"Maximum Wind Speed at 2 Meters (m/s) "
37.43641,-121.92719,"WS2M_MAX",1995,3.53,1.59,2.64,2.78,2.47,2.99,2.93,2.82,2.79,2.39,2.23,2.59,2.65,"Maximum Wind Speed at 2 Meters (m/s) "
37.43641,-121.92719,"WS2M_MAX",1996,2.45,2.26,2.14,2.65,2.91,2.89,2.81,2.77,2.67,2.9,2.64,2.99,2.68,"Maximum Wind Speed at 2 Meters (m/s) "
37.43641,-121.92719,"WS2M_MAX",1997,2.57,2.5,2.19,3.02,2.93,3.36,3.09,2.96,2.74,2.66,2.56,2.74,2.78,"Maximum Wind Speed at 2 Meters (m/s) "
37.43641,-121.92719,"WS2M_MAX",1998,2.59,3.54,2.24,2.44,2.86,2.72,2.71,2.68,2.7,2.66,2.59,2.39,2.67,"Maximum Wind Speed at 2 Meters (m/s) "
37.43641,-121.92719,"WS2M_MAX",1999,2.27,2.45,2.55,3.04,3.06,3.08,3.04,2.92,2.36,2.14,2.32,2.24,2.62,"Maximum Wind Speed at 2 Meters (m/s) "
37.43641,-121.92719,"WS2M_MAX",2000,2.43,2.72,2.5,2.57,2.96,2.98,2.95,2.81,2.58,2.6,2.14,1.74,2.58,"Maximum Wind Speed at 2 Meters (m/s) "
37.43641,-121.92719,"WS2M_MAX",2001,2.5,2.63,2.31,2.78,2.79,3.26,3.04,2.86,2.63,2.26,2.43,2.88,2.7,"Maximum Wind Speed at 2 Meters (m/s) "
37.43641,-121.92719,"WS2M_MAX",2002,1.99,1.82,2.36,2.58,2.94,3.24,3.05,2.83,2.7,2.3,2.17,3.07,2.59,"Maximum Wind Speed at 2 Meters (m/s) "
37.43641,-121.92719,"WS2M_MAX",2003,1.68,2.26,2.55,2.85,2.78,3.02,3.03,2.78,2.57,2.41,2.35,2.63,2.58,"Maximum Wind Speed at 2 Meters (m/s) "
37.43641,-121.92719,"WS2M_MAX",2004,2.05,2.51,2.18,2.64,3.12,3.42,3.04,2.91,2.67,2.54,2.24,2.61,2.66,"Maximum Wind Speed at 2 Meters (m/s) "
37.43641,-121.92719,"WS2M_MAX",2005,2.27,2,2.4,2.69,2.76,3.15,2.85,2.66,2.48,2.47,2.39,2.55,2.56,"Maximum Wind Speed at 2 Meters (m/s) "
37.43641,-121.92719,"WS2M_MAX",2006,2.23,2.1,2.74,2.57,2.55,2.81,2.83,2.63,2.49,2.16,2.36,2.47,2.5,"Maximum Wind Speed at 2 Meters (m/s) "
37.43641,-121.92719,"WS2M_MAX",2007,2.22,2.58,2.13,2.72,2.98,3.17,3,2.78,2.62,2.42,1.9,2.7,2.6,"Maximum Wind Speed at 2 Meters (m/s) "
37.43641,-121.92719,"WS2M_MAX",2008,2.9,2.41,2.39,2.78,2.99,3.06,2.96,2.91,2.45,2.4,2.33,2.33,2.66,"Maximum Wind Speed at 2 Meters (m/s) "
37.43641,-121.92719,"WS2M_MAX",2009,1.92,2.47,2.55,2.8,2.83,2.93,2.96,2.84,2.59,2.77,2.26,2.23,2.6,"Maximum Wind Speed at 2 Meters (m/s) "
37.43641,-121.92719,"WS2M_MAX",2010,2.29,2,2.29,2.78,3.04,3.12,2.94,2.88,2.49,2.48,2.56,2.52,2.62,"Maximum Wind Speed at 2 Meters (m/s) "
37.43641,-121.92719,"WS2M_MAX",2011,1.95,2.48,2.85,2.76,3.07,2.86,2.96,2.89,2.47,2.18,2.62,1.99,2.59,"Maximum Wind Speed at 2 Meters (m/s) "
37.43641,-121.92719,"WS2M_MAX",2012,2.18,2.61,2.59,2.7,3.07,3.37,3.04,2.93,2.53,2.54,2.38,2.64,2.72,"Maximum Wind Speed at 2 Meters (m/s) "
37.43641,-121.92719,"WS2M_MAX",2013,1.83,2.11,2.26,2.97,3.14,3.25,3.05,2.97,2.97,2.19,2.08,2.02,2.57,"Maximum Wind Speed at 2 Meters (m/s) "
37.43641,-121.92719,"WS2M_MAX",2014,1.78,2.36,2.3,2.61,3.03,3.2,3.03,2.85,2.63,2.4,2,2.65,2.57,"Maximum Wind Speed at 2 Meters (m/s) "
37.43641,-121.92719,"WS2M_MAX",2015,1.42,2.09,2.03,2.71,2.89,2.99,3.13,2.92,2.56,2.34,2.52,2.53,2.51,"Maximum Wind Speed at 2 Meters (m/s) "
37.43641,-121.92719,"WS2M_MAX",2016,2.4,1.94,2.62,2.62,2.64,3.01,3.13,2.91,2.78,2.86,2.06,2.3,2.61,"Maximum Wind Speed at 2 Meters (m/s) "
37.43641,-121.92719,"WS2M_MAX",2017,2.78,2.93,2.26,2.7,2.77,2.96,3.04,2.69,2.67,2.38,2.12,1.93,2.6,"Maximum Wind Speed at 2 Meters (m/s) "
37.43641,-121.92719,"WS2M_MAX",2018,1.85,2.42,2.38,2.58,3.01,3.21,3.03,2.89,2.64,2.3,2.22,2.3,2.57,"Maximum Wind Speed at 2 Meters (m/s) "
37.43641,-121.92719,"WS2M_MAX",2019,2.47,3.36,2.34,2.4,2.86,2.79,3.16,2.94,2.91,2.43,2.08,2.47,2.68,"Maximum Wind Speed at 2 Meters (m/s) "
37.43641,-121.92719,"WS10M_MAX",1981,4.42,3.68,4.43,4.32,5.57,5.69,4.66,4.74,4.45,3.99,4.05,4.19,4.52,"Maximum Wind Speed at 10 Meters (m/s) "
37.43641,-121.92719,"WS10M_MAX",1982,4.25,3.84,4.65,4.51,4.21,4.88,4.81,4.76,4.54,3.85,4.05,4.51,4.41,"Maximum Wind Speed at 10 Meters (m/s) "
37.43641,-121.92719,"WS10M_MAX",1983,4.84,5.08,4.92,4.84,4.51,5.04,5.13,4.69,4.19,3.63,5.29,4.67,4.73,"Maximum Wind Speed at 10 Meters (m/s) "
37.43641,-121.92719,"WS10M_MAX",1984,3.14,3.85,4.91,5.35,5.72,5.51,4.68,4.88,4.37,4.95,5.29,4.22,4.74,"Maximum Wind Speed at 10 Meters (m/s) "
37.43641,-121.92719,"WS10M_MAX",1985,3,4.06,5.13,4.36,5.26,4.95,5.03,4.69,4.28,4.28,3.93,3.37,4.36,"Maximum Wind Speed at 10 Meters (m/s) "
37.43641,-121.92719,"WS10M_MAX",1986,3.78,5.48,4.25,4.32,4.8,4.83,4.71,4.25,4.71,3.8,4.17,3.14,4.34,"Maximum Wind Speed at 10 Meters (m/s) "
37.43641,-121.92719,"WS10M_MAX",1987,4.29,4.82,4.85,4.47,5.04,4.88,5.45,4.34,4.29,3.24,4.2,5.65,4.63,"Maximum Wind Speed at 10 Meters (m/s) "
37.43641,-121.92719,"WS10M_MAX",1988,4.13,3.69,5.22,4.61,5.34,5.2,4.87,4.61,4.24,3.44,4.68,4.43,4.54,"Maximum Wind Speed at 10 Meters (m/s) "
37.43641,-121.92719,"WS10M_MAX",1989,3.66,3.77,4.7,3.94,5.21,5.21,5.42,4.59,3.96,3.99,3.57,2.9,4.25,"Maximum Wind Speed at 10 Meters (m/s) "
37.43641,-121.92719,"WS10M_MAX",1990,4.34,4.56,4.2,4.88,5.25,5.21,4.66,4.87,4.35,4.1,4.27,3.9,4.55,"Maximum Wind Speed at 10 Meters (m/s) "
37.43641,-121.92719,"WS10M_MAX",1991,3.24,3.78,5.76,5.1,5.19,4.97,4.6,4.82,3.85,4.18,4.57,4.08,4.52,"Maximum Wind Speed at 10 Meters (m/s) "
37.43641,-121.92719,"WS10M_MAX",1992,3.71,4.27,3.84,4.21,4.58,5.09,4.99,4.71,4.37,3.63,4.13,4.88,4.37,"Maximum Wind Speed at 10 Meters (m/s) "
37.43641,-121.92719,"WS10M_MAX",1993,4.61,4.62,3.53,4.74,4.95,5.33,5.01,4.72,4.17,3.51,4.24,3.85,4.44,"Maximum Wind Speed at 10 Meters (m/s) "
37.43641,-121.92719,"WS10M_MAX",1994,3.5,4.32,3.71,4.82,4.57,5.19,4.43,4.68,4.22,4.18,5.03,3.6,4.35,"Maximum Wind Speed at 10 Meters (m/s) "
37.43641,-121.92719,"WS10M_MAX",1995,6.07,2.9,4.65,4.9,4.22,5.03,4.84,4.63,4.63,4.02,3.7,4.4,4.51,"Maximum Wind Speed at 10 Meters (m/s) "
37.43641,-121.92719,"WS10M_MAX",1996,4.3,4,3.76,4.69,5.06,4.85,4.61,4.56,4.43,4.84,4.45,5.09,4.56,"Maximum Wind Speed at 10 Meters (m/s) "
37.43641,-121.92719,"WS10M_MAX",1997,4.48,4.4,3.89,5.32,5.05,5.6,5.07,4.86,4.54,4.39,4.26,4.65,4.71,"Maximum Wind Speed at 10 Meters (m/s) "
37.43641,-121.92719,"WS10M_MAX",1998,4.48,6.19,3.93,4.24,4.85,4.52,4.45,4.38,4.41,4.4,4.28,4.07,4.51,"Maximum Wind Speed at 10 Meters (m/s) "
37.43641,-121.92719,"WS10M_MAX",1999,3.99,4.27,4.42,5.3,5.22,5.12,4.94,4.82,3.87,3.58,3.89,3.85,4.44,"Maximum Wind Speed at 10 Meters (m/s) "
37.43641,-121.92719,"WS10M_MAX",2000,4.19,4.77,4.38,4.46,5.06,4.92,4.83,4.61,4.27,4.29,3.58,3.04,4.36,"Maximum Wind Speed at 10 Meters (m/s) "
37.43641,-121.92719,"WS10M_MAX",2001,4.34,4.6,4.09,4.86,4.81,5.43,4.93,4.71,4.29,3.72,4.12,4.96,4.57,"Maximum Wind Speed at 10 Meters (m/s) "
37.43641,-121.92719,"WS10M_MAX",2002,3.39,3.23,4.18,4.49,5.04,5.41,4.96,4.65,4.46,3.78,3.71,5.22,4.38,"Maximum Wind Speed at 10 Meters (m/s) "
37.43641,-121.92719,"WS10M_MAX",2003,2.99,3.95,4.49,4.95,4.79,5.02,4.95,4.58,4.24,4.09,3.85,4.52,4.37,"Maximum Wind Speed at 10 Meters (m/s) "
37.43641,-121.92719,"WS10M_MAX",2004,3.49,4.37,3.85,4.62,5.35,5.71,4.95,4.81,4.45,4.23,3.78,4.43,4.5,"Maximum Wind Speed at 10 Meters (m/s) "
37.43641,-121.92719,"WS10M_MAX",2005,3.9,3.49,4.24,4.71,4.75,5.28,4.65,4.3,4.11,4.16,4.01,4.37,4.34,"Maximum Wind Speed at 10 Meters (m/s) "
37.43641,-121.92719,"WS10M_MAX",2006,3.9,3.72,4.79,4.48,4.38,4.72,4.64,4.3,4.1,3.55,3.96,4.16,4.23,"Maximum Wind Speed at 10 Meters (m/s) "
37.43641,-121.92719,"WS10M_MAX",2007,3.86,4.47,3.79,4.75,5.06,5.28,4.94,4.58,4.33,4.03,3.24,4.55,4.41,"Maximum Wind Speed at 10 Meters (m/s) "
37.43641,-121.92719,"WS10M_MAX",2008,4.94,4.24,4.25,4.85,5.11,5.14,4.86,4.78,4.02,4.01,3.94,3.91,4.51,"Maximum Wind Speed at 10 Meters (m/s) "
37.43641,-121.92719,"WS10M_MAX",2009,3.37,4.31,4.51,4.87,4.84,4.85,4.83,4.65,4.29,4.63,3.83,3.78,4.4,"Maximum Wind Speed at 10 Meters (m/s) "
37.43641,-121.92719,"WS10M_MAX",2010,3.95,3.51,4.04,4.85,5.24,5.21,4.76,4.69,4.17,4.09,4.26,4.3,4.43,"Maximum Wind Speed at 10 Meters (m/s) "
37.43641,-121.92719,"WS10M_MAX",2011,3.39,4.39,5.06,4.82,5.26,4.77,4.83,4.71,4.08,3.61,4.32,3.36,4.38,"Maximum Wind Speed at 10 Meters (m/s) "
37.43641,-121.92719,"WS10M_MAX",2012,3.82,4.58,4.55,4.73,5.24,5.66,4.95,4.8,4.15,4.17,3.98,4.44,4.59,"Maximum Wind Speed at 10 Meters (m/s) "
37.43641,-121.92719,"WS10M_MAX",2013,3.24,3.71,3.99,5.22,5.39,5.42,4.95,4.91,4.95,3.69,3.47,3.43,4.36,"Maximum Wind Speed at 10 Meters (m/s) "
37.43641,-121.92719,"WS10M_MAX",2014,3.13,4.1,4.04,4.55,5.22,5.32,4.95,4.65,4.3,3.96,3.32,4.43,4.33,"Maximum Wind Speed at 10 Meters (m/s) "
37.43641,-121.92719,"WS10M_MAX",2015,2.6,3.7,3.6,4.74,4.85,4.95,5.12,4.81,4.22,3.89,4.12,4.24,4.24,"Maximum Wind Speed at 10 Meters (m/s) "
37.43641,-121.92719,"WS10M_MAX",2016,4.18,3.52,4.6,4.57,4.51,5.04,5.15,4.77,4.57,4.76,3.51,3.87,4.42,"Maximum Wind Speed at 10 Meters (m/s) "
37.43641,-121.92719,"WS10M_MAX",2017,4.77,5.16,4,4.76,4.78,4.93,4.98,4.44,4.43,3.94,3.54,3.41,4.42,"Maximum Wind Speed at 10 Meters (m/s) "
37.43641,-121.92719,"WS10M_MAX",2018,3.23,4.22,4.14,4.5,5.1,5.36,4.97,4.78,4.4,3.84,3.75,3.87,4.35,"Maximum Wind Speed at 10 Meters (m/s) "
37.43641,-121.92719,"WS10M_MAX",2019,4.35,5.83,4.14,4.2,4.86,4.65,5.2,4.88,4.87,4.1,3.45,4.23,4.55,"Maximum Wind Speed at 10 Meters (m/s) "
37.43641,-121.92719,"WS10M_MIN",1981,1.75,1.37,1.54,1.9,2.36,2.19,1.83,2.09,1.66,1.53,1.42,1.71,1.78,"Minimum Wind Speed at 10 Meters (m/s) "
37.43641,-121.92719,"WS10M_MIN",1982,1.77,1.23,1.42,1.97,1.75,2.12,2.1,1.92,1.63,1.24,1.51,1.73,1.7,"Minimum Wind Speed at 10 Meters (m/s) "
37.43641,-121.92719,"WS10M_MIN",1983,1.51,1.78,1.63,1.85,2.15,2.28,2.22,1.73,1.5,1.31,1.81,1.65,1.78,"Minimum Wind Speed at 10 Meters (m/s) "
37.43641,-121.92719,"WS10M_MIN",1984,1.14,1.44,1.96,2.31,2.39,2.21,1.71,1.99,1.23,1.8,1.68,1.68,1.79,"Minimum Wind Speed at 10 Meters (m/s) "
37.43641,-121.92719,"WS10M_MIN",1985,0.93,1.44,2,1.68,2.14,1.77,1.89,1.88,1.46,1.23,1.36,1.31,1.59,"Minimum Wind Speed at 10 Meters (m/s) "
37.43641,-121.92719,"WS10M_MIN",1986,1.46,2.3,1.65,1.7,1.84,1.84,1.84,1.61,1.61,1.32,1.54,0.97,1.64,"Minimum Wind Speed at 10 Meters (m/s) "
37.43641,-121.92719,"WS10M_MIN",1987,1.32,1.54,1.86,1.6,1.98,1.71,2.39,1.4,1.62,0.98,1.46,2.01,1.66,"Minimum Wind Speed at 10 Meters (m/s) "
37.43641,-121.92719,"WS10M_MIN",1988,1.38,1.33,2.04,1.49,2.17,1.95,1.86,1.69,1.37,0.99,1.58,1.34,1.6,"Minimum Wind Speed at 10 Meters (m/s) "
37.43641,-121.92719,"WS10M_MIN",1989,1.34,1.43,1.81,1.53,2.28,2.18,2.39,1.65,1.41,1.35,1.35,1.08,1.65,"Minimum Wind Speed at 10 Meters (m/s) "
37.43641,-121.92719,"WS10M_MIN",1990,1.72,1.68,1.71,1.92,1.84,2.31,1.92,1.73,1.7,1.43,1.52,1.57,1.75,"Minimum Wind Speed at 10 Meters (m/s) "
37.43641,-121.92719,"WS10M_MIN",1991,1.06,1.37,1.96,2.08,2.05,2.02,1.7,2.03,1.16,1.42,1.6,1.4,1.66,"Minimum Wind Speed at 10 Meters (m/s) "
37.43641,-121.92719,"WS10M_MIN",1992,1.36,1.64,1.36,1.9,1.7,1.96,1.76,1.76,1.4,1.23,1.44,2.07,1.63,"Minimum Wind Speed at 10 Meters (m/s) "
37.43641,-121.92719,"WS10M_MIN",1993,1.87,1.9,1.18,2.03,1.68,1.85,1.73,1.84,1.34,1.24,1.55,1.52,1.64,"Minimum Wind Speed at 10 Meters (m/s) "
37.43641,-121.92719,"WS10M_MIN",1994,1.28,1.37,1.38,1.7,1.88,2.16,1.96,2.2,1.5,1.47,1.82,1.54,1.69,"Minimum Wind Speed at 10 Meters (m/s) "
37.43641,-121.92719,"WS10M_MIN",1995,2.38,0.95,1.78,1.92,1.6,1.85,1.79,1.78,1.84,1.26,1.24,1.59,1.67,"Minimum Wind Speed at 10 Meters (m/s) "
37.43641,-121.92719,"WS10M_MIN",1996,1.29,1.7,1.27,1.73,2.16,1.9,1.59,1.64,1.36,1.8,1.81,2.04,1.69,"Minimum Wind Speed at 10 Meters (m/s) "
37.43641,-121.92719,"WS10M_MIN",1997,1.64,1.88,1.6,2.26,1.9,2.55,2.22,2.03,1.59,1.63,1.47,1.88,1.89,"Minimum Wind Speed at 10 Meters (m/s) "
37.43641,-121.92719,"WS10M_MIN",1998,1.36,1.77,1.47,1.72,2,2.17,2.07,1.84,1.61,1.64,1.52,1.57,1.73,"Minimum Wind Speed at 10 Meters (m/s) "
37.43641,-121.92719,"WS10M_MIN",1999,1.54,1.54,1.86,2.15,2.5,2.37,2.23,1.95,1.41,1.22,1.19,1.43,1.78,"Minimum Wind Speed at 10 Meters (m/s) "
37.43641,-121.92719,"WS10M_MIN",2000,1.34,1.79,1.87,1.84,2.16,2.17,2.49,1.98,1.49,1.55,1.19,1.12,1.75,"Minimum Wind Speed at 10 Meters (m/s) "
37.43641,-121.92719,"WS10M_MIN",2001,1.48,1.71,1.61,1.8,1.87,2.23,2.26,2.15,1.69,1.29,1.34,1.63,1.75,"Minimum Wind Speed at 10 Meters (m/s) "
37.43641,-121.92719,"WS10M_MIN",2002,1.29,1.28,1.64,1.81,2.15,2.5,2.23,1.94,1.45,1.28,1.62,1.92,1.76,"Minimum Wind Speed at 10 Meters (m/s) "
37.43641,-121.92719,"WS10M_MIN",2003,1.13,1.44,1.8,1.85,1.85,2.34,2.11,1.95,1.49,1.41,1.53,1.37,1.69,"Minimum Wind Speed at 10 Meters (m/s) "
37.43641,-121.92719,"WS10M_MIN",2004,1.14,1.73,1.49,1.65,2.27,2.7,2.34,1.95,1.64,1.56,1.21,1.61,1.77,"Minimum Wind Speed at 10 Meters (m/s) "
37.43641,-121.92719,"WS10M_MIN",2005,1.39,1.34,1.38,1.87,2.07,2.29,1.99,1.72,1.6,1.47,1.26,1.69,1.67,"Minimum Wind Speed at 10 Meters (m/s) "
37.43641,-121.92719,"WS10M_MIN",2006,1.54,1.39,1.59,1.62,1.86,1.96,1.82,1.8,1.38,1.23,1.37,1.46,1.59,"Minimum Wind Speed at 10 Meters (m/s) "
37.43641,-121.92719,"WS10M_MIN",2007,1.56,1.61,1.51,1.84,2.21,2.13,2.2,1.87,1.54,1.31,1.05,1.62,1.71,"Minimum Wind Speed at 10 Meters (m/s) "
37.43641,-121.92719,"WS10M_MIN",2008,1.82,1.34,1.71,1.97,2.22,2.1,2.1,1.85,1.22,1.41,1.23,1.42,1.7,"Minimum Wind Speed at 10 Meters (m/s) "
37.43641,-121.92719,"WS10M_MIN",2009,1.38,1.77,1.9,1.97,1.94,2.02,2.15,1.77,1.52,1.65,1.63,1.46,1.76,"Minimum Wind Speed at 10 Meters (m/s) "
37.43641,-121.92719,"WS10M_MIN",2010,1.52,1.15,1.52,1.78,2.11,2.53,2.16,2.1,1.54,1.29,1.7,1.31,1.73,"Minimum Wind Speed at 10 Meters (m/s) "
37.43641,-121.92719,"WS10M_MIN",2011,1.47,1.44,1.74,1.99,2.37,2.17,2.24,2.28,1.26,1.14,1.48,1,1.72,"Minimum Wind Speed at 10 Meters (m/s) "
37.43641,-121.92719,"WS10M_MIN",2012,1.31,1.62,1.52,1.74,2.26,2.34,2.11,2.1,1.63,1.4,1.54,1.47,1.75,"Minimum Wind Speed at 10 Meters (m/s) "
37.43641,-121.92719,"WS10M_MIN",2013,1.28,1.5,1.45,1.87,2.24,2.21,2.23,2,1.9,1.23,1.03,1.09,1.67,"Minimum Wind Speed at 10 Meters (m/s) "
37.43641,-121.92719,"WS10M_MIN",2014,1,1.64,1.43,1.58,2.07,2.4,1.94,1.94,1.58,1.23,1.11,1.41,1.61,"Minimum Wind Speed at 10 Meters (m/s) "
37.43641,-121.92719,"WS10M_MIN",2015,0.79,1.28,1.26,1.93,2.24,2.11,2.16,2.03,1.48,1.06,1.43,1.48,1.6,"Minimum Wind Speed at 10 Meters (m/s) "
37.43641,-121.92719,"WS10M_MIN",2016,1.18,1.23,1.83,1.62,1.82,2.13,2.42,2.17,1.73,1.44,1.12,1.6,1.69,"Minimum Wind Speed at 10 Meters (m/s) "
37.43641,-121.92719,"WS10M_MIN",2017,1.82,1.75,1.41,1.72,1.97,2.28,2.14,1.94,1.53,1.21,1.21,1.2,1.68,"Minimum Wind Speed at 10 Meters (m/s) "
37.43641,-121.92719,"WS10M_MIN",2018,1.03,1.27,1.5,1.74,2.29,2.51,2.28,2.07,1.67,1.22,1.05,1.3,1.66,"Minimum Wind Speed at 10 Meters (m/s) "
37.43641,-121.92719,"WS10M_MIN",2019,1.64,2.27,1.35,1.5,1.89,2.1,2.56,2.14,1.89,1.27,0.87,1.64,1.76,"Minimum Wind Speed at 10 Meters (m/s) "
37.43641,-121.92719,"WS2M",1981,1.61,1.35,1.62,1.67,2.21,2.27,1.9,1.93,1.7,1.55,1.47,1.57,1.74,"Wind Speed at 2 Meters (m/s) "
37.43641,-121.92719,"WS2M",1982,1.63,1.32,1.64,1.74,1.68,2.02,2.01,1.9,1.71,1.38,1.55,1.75,1.7,"Wind Speed at 2 Meters (m/s) "
37.43641,-121.92719,"WS2M",1983,1.7,1.78,1.73,1.77,1.8,2.07,2.11,1.81,1.56,1.35,1.99,1.75,1.78,"Wind Speed at 2 Meters (m/s) "
37.43641,-121.92719,"WS2M",1984,1.17,1.39,1.78,2.09,2.21,2.22,1.84,1.94,1.54,1.8,1.88,1.59,1.79,"Wind Speed at 2 Meters (m/s) "
37.43641,-121.92719,"WS2M",1985,1.08,1.42,1.9,1.66,2.04,1.89,1.93,1.82,1.62,1.46,1.46,1.28,1.63,"Wind Speed at 2 Meters (m/s) "
37.43641,-121.92719,"WS2M",1986,1.47,2.11,1.55,1.64,1.79,1.9,1.89,1.65,1.74,1.35,1.51,1.14,1.64,"Wind Speed at 2 Meters (m/s) "
37.43641,-121.92719,"WS2M",1987,1.52,1.59,1.73,1.59,1.96,1.95,2.28,1.64,1.63,1.16,1.55,2.18,1.73,"Wind Speed at 2 Meters (m/s) "
37.43641,-121.92719,"WS2M",1988,1.49,1.29,1.88,1.68,2.11,2.07,1.96,1.83,1.56,1.25,1.7,1.55,1.7,"Wind Speed at 2 Meters (m/s) "
37.43641,-121.92719,"WS2M",1989,1.36,1.38,1.72,1.39,2.11,2.14,2.25,1.78,1.49,1.49,1.31,1.11,1.63,"Wind Speed at 2 Meters (m/s) "
37.43641,-121.92719,"WS2M",1990,1.62,1.65,1.56,1.85,2.02,2.13,1.89,1.89,1.65,1.49,1.55,1.49,1.73,"Wind Speed at 2 Meters (m/s) "
37.43641,-121.92719,"WS2M",1991,1.16,1.35,2.17,1.91,2.08,2.04,1.84,1.96,1.39,1.53,1.71,1.5,1.72,"Wind Speed at 2 Meters (m/s) "
37.43641,-121.92719,"WS2M",1992,1.35,1.62,1.37,1.61,1.72,2.05,1.95,1.82,1.59,1.32,1.48,1.91,1.65,"Wind Speed at 2 Meters (m/s) "
37.43641,-121.92719,"WS2M",1993,1.79,1.77,1.26,1.75,1.78,2.04,1.96,1.84,1.51,1.29,1.56,1.44,1.66,"Wind Speed at 2 Meters (m/s) "
37.43641,-121.92719,"WS2M",1994,1.27,1.52,1.37,1.76,1.77,2.07,1.87,1.93,1.55,1.58,1.9,1.38,1.66,"Wind Speed at 2 Meters (m/s) "
37.43641,-121.92719,"WS2M",1995,2.34,1.01,1.75,1.81,1.67,1.93,1.88,1.83,1.76,1.43,1.3,1.6,1.7,"Wind Speed at 2 Meters (m/s) "
37.43641,-121.92719,"WS2M",1996,1.52,1.51,1.39,1.66,1.97,1.9,1.77,1.75,1.59,1.82,1.69,1.92,1.71,"Wind Speed at 2 Meters (m/s) "
37.43641,-121.92719,"WS2M",1997,1.64,1.65,1.41,1.98,1.83,2.38,2.11,1.93,1.7,1.7,1.55,1.78,1.81,"Wind Speed at 2 Meters (m/s) "
37.43641,-121.92719,"WS2M",1998,1.59,2.06,1.47,1.59,1.86,1.94,1.89,1.77,1.77,1.65,1.63,1.47,1.72,"Wind Speed at 2 Meters (m/s) "
37.43641,-121.92719,"WS2M",1999,1.47,1.55,1.71,2.06,2.2,2.15,2.14,1.94,1.49,1.31,1.39,1.41,1.74,"Wind Speed at 2 Meters (m/s) "
37.43641,-121.92719,"WS2M",2000,1.44,1.78,1.65,1.73,2,2.05,2.15,1.89,1.58,1.64,1.31,1.17,1.7,"Wind Speed at 2 Meters (m/s) "
37.43641,-121.92719,"WS2M",2001,1.54,1.69,1.54,1.78,1.79,2.19,2.11,1.99,1.71,1.39,1.43,1.8,1.75,"Wind Speed at 2 Meters (m/s) "
37.43641,-121.92719,"WS2M",2002,1.27,1.2,1.56,1.72,2,2.31,2.1,1.87,1.59,1.44,1.4,1.92,1.7,"Wind Speed at 2 Meters (m/s) "
37.43641,-121.92719,"WS2M",2003,1.06,1.39,1.62,1.76,1.82,2.11,2.09,1.87,1.61,1.5,1.43,1.65,1.66,"Wind Speed at 2 Meters (m/s) "
37.43641,-121.92719,"WS2M",2004,1.28,1.59,1.4,1.63,2.09,2.42,2.12,1.88,1.68,1.58,1.43,1.63,1.73,"Wind Speed at 2 Meters (m/s) "
37.43641,-121.92719,"WS2M",2005,1.43,1.29,1.51,1.69,1.83,2.12,1.96,1.76,1.63,1.5,1.4,1.63,1.65,"Wind Speed at 2 Meters (m/s) "
37.43641,-121.92719,"WS2M",2006,1.41,1.4,1.75,1.61,1.73,1.89,1.86,1.79,1.56,1.36,1.4,1.62,1.62,"Wind Speed at 2 Meters (m/s) "
37.43641,-121.92719,"WS2M",2007,1.48,1.61,1.38,1.81,2.07,2.16,2.08,1.87,1.69,1.46,1.18,1.62,1.7,"Wind Speed at 2 Meters (m/s) "
37.43641,-121.92719,"WS2M",2008,1.85,1.55,1.55,1.82,2.07,2.09,2.03,1.91,1.44,1.51,1.4,1.47,1.73,"Wind Speed at 2 Meters (m/s) "
37.43641,-121.92719,"WS2M",2009,1.27,1.65,1.68,1.87,1.87,2,2.04,1.82,1.63,1.76,1.47,1.38,1.7,"Wind Speed at 2 Meters (m/s) "
37.43641,-121.92719,"WS2M",2010,1.48,1.26,1.48,1.78,2.01,2.24,2.06,1.99,1.57,1.46,1.59,1.49,1.7,"Wind Speed at 2 Meters (m/s) "
37.43641,-121.92719,"WS2M",2011,1.27,1.62,1.71,1.82,2.15,2,2.03,2.03,1.5,1.32,1.53,1.24,1.69,"Wind Speed at 2 Meters (m/s) "
37.43641,-121.92719,"WS2M",2012,1.42,1.64,1.68,1.75,2.07,2.32,2.07,1.97,1.63,1.51,1.51,1.65,1.77,"Wind Speed at 2 Meters (m/s) "
37.43641,-121.92719,"WS2M",2013,1.23,1.37,1.39,1.86,2.16,2.21,2.13,1.93,1.87,1.35,1.22,1.28,1.67,"Wind Speed at 2 Meters (m/s) "
37.43641,-121.92719,"WS2M",2014,1.11,1.5,1.44,1.64,2.01,2.17,2,1.88,1.61,1.39,1.2,1.64,1.63,"Wind Speed at 2 Meters (m/s) "
37.43641,-121.92719,"WS2M",2015,0.93,1.35,1.28,1.79,2.02,2.03,2.11,1.93,1.58,1.28,1.54,1.59,1.62,"Wind Speed at 2 Meters (m/s) "
37.43641,-121.92719,"WS2M",2016,1.43,1.26,1.7,1.66,1.76,2.03,2.18,1.98,1.77,1.67,1.29,1.51,1.69,"Wind Speed at 2 Meters (m/s) "
37.43641,-121.92719,"WS2M",2017,1.76,1.81,1.45,1.68,1.88,2.09,2.08,1.85,1.69,1.41,1.25,1.26,1.68,"Wind Speed at 2 Meters (m/s) "
37.43641,-121.92719,"WS2M",2018,1.16,1.47,1.49,1.65,2.06,2.24,2.13,1.92,1.67,1.34,1.32,1.43,1.66,"Wind Speed at 2 Meters (m/s) "
37.43641,-121.92719,"WS2M",2019,1.58,2.17,1.49,1.54,1.94,1.94,2.24,1.95,1.82,1.43,1.22,1.61,1.74,"Wind Speed at 2 Meters (m/s) "
37.43641,-121.92719,"WS10M",1981,2.98,2.5,2.97,3.02,3.85,3.86,3.11,3.19,2.86,2.71,2.61,2.83,3.05,"Wind Speed at 10 Meters (m/s) "
37.43641,-121.92719,"WS10M",1982,2.98,2.5,2.99,3.2,2.92,3.36,3.31,3.16,2.96,2.48,2.77,3.14,2.99,"Wind Speed at 10 Meters (m/s) "
37.43641,-121.92719,"WS10M",1983,3.13,3.26,3.15,3.24,3.2,3.52,3.54,3,2.63,2.4,3.46,3.11,3.13,"Wind Speed at 10 Meters (m/s) "
37.43641,-121.92719,"WS10M",1984,2.18,2.59,3.32,3.77,3.92,3.72,2.99,3.21,2.65,3.16,3.3,2.86,3.14,"Wind Speed at 10 Meters (m/s) "
37.43641,-121.92719,"WS10M",1985,1.97,2.65,3.46,3,3.53,3.16,3.18,3.02,2.75,2.59,2.6,2.4,2.86,"Wind Speed at 10 Meters (m/s) "
37.43641,-121.92719,"WS10M",1986,2.69,3.82,2.87,2.99,3.18,3.2,3.09,2.69,2.94,2.42,2.73,2.04,2.88,"Wind Speed at 10 Meters (m/s) "
37.43641,-121.92719,"WS10M",1987,2.77,3.02,3.21,2.89,3.35,3.22,3.77,2.67,2.75,2.04,2.76,3.81,3.02,"Wind Speed at 10 Meters (m/s) "
37.43641,-121.92719,"WS10M",1988,2.72,2.48,3.52,3,3.7,3.45,3.19,2.97,2.63,2.15,3,2.78,2.97,"Wind Speed at 10 Meters (m/s) "
37.43641,-121.92719,"WS10M",1989,2.48,2.53,3.16,2.55,3.66,3.59,3.76,2.92,2.54,2.66,2.43,2.02,2.86,"Wind Speed at 10 Meters (m/s) "
37.43641,-121.92719,"WS10M",1990,2.99,3.04,2.85,3.32,3.49,3.65,3.07,3.12,2.84,2.62,2.82,2.69,3.04,"Wind Speed at 10 Meters (m/s) "
37.43641,-121.92719,"WS10M",1991,2.13,2.54,3.9,3.49,3.61,3.38,2.95,3.24,2.31,2.67,3.07,2.7,3,"Wind Speed at 10 Meters (m/s) "
37.43641,-121.92719,"WS10M",1992,2.5,2.96,2.52,2.96,2.97,3.38,3.2,3,2.71,2.3,2.68,3.4,2.88,"Wind Speed at 10 Meters (m/s) "
37.43641,-121.92719,"WS10M",1993,3.23,3.25,2.33,3.25,3.18,3.54,3.2,3.07,2.56,2.26,2.84,2.64,2.94,"Wind Speed at 10 Meters (m/s) "
37.43641,-121.92719,"WS10M",1994,2.34,2.77,2.54,3.16,3.06,3.53,3.02,3.22,2.63,2.77,3.33,2.51,2.9,"Wind Speed at 10 Meters (m/s) "
37.43641,-121.92719,"WS10M",1995,4.13,1.9,3.24,3.33,2.9,3.33,3.14,3.03,2.99,2.52,2.35,2.87,2.99,"Wind Speed at 10 Meters (m/s) "
37.43641,-121.92719,"WS10M",1996,2.79,2.81,2.58,3.09,3.51,3.21,2.88,2.89,2.69,3.19,3.04,3.45,3.01,"Wind Speed at 10 Meters (m/s) "
37.43641,-121.92719,"WS10M",1997,2.98,3.09,2.68,3.62,3.23,4,3.45,3.2,2.91,2.98,2.74,3.2,3.17,"Wind Speed at 10 Meters (m/s) "
37.43641,-121.92719,"WS10M",1998,2.83,3.76,2.7,2.9,3.3,3.26,3.11,2.92,2.92,2.89,2.87,2.69,3.01,"Wind Speed at 10 Meters (m/s) "
37.43641,-121.92719,"WS10M",1999,2.73,2.84,3.11,3.69,3.78,3.57,3.47,3.23,2.5,2.31,2.49,2.59,3.03,"Wind Speed at 10 Meters (m/s) "
37.43641,-121.92719,"WS10M",2000,2.64,3.28,3.05,3.11,3.52,3.41,3.52,3.1,2.74,2.85,2.31,2.17,2.97,"Wind Speed at 10 Meters (m/s) "
37.43641,-121.92719,"WS10M",2001,2.8,3.14,2.85,3.18,3.13,3.67,3.42,3.27,2.85,2.41,2.54,3.21,3.04,"Wind Speed at 10 Meters (m/s) "
37.43641,-121.92719,"WS10M",2002,2.33,2.27,2.87,3.08,3.45,3.88,3.43,3.08,2.7,2.47,2.59,3.35,2.96,"Wind Speed at 10 Meters (m/s) "
37.43641,-121.92719,"WS10M",2003,2.04,2.59,3,3.18,3.22,3.52,3.39,3.11,2.7,2.63,2.6,2.94,2.91,"Wind Speed at 10 Meters (m/s) "
37.43641,-121.92719,"WS10M",2004,2.33,2.93,2.65,2.95,3.64,4.06,3.47,3.12,2.89,2.74,2.51,2.92,3.02,"Wind Speed at 10 Meters (m/s) "
37.43641,-121.92719,"WS10M",2005,2.59,2.42,2.76,3.11,3.25,3.61,3.18,2.85,2.72,2.63,2.54,2.95,2.89,"Wind Speed at 10 Meters (m/s) "
37.43641,-121.92719,"WS10M",2006,2.61,2.6,3.18,2.9,3.03,3.2,3.04,2.91,2.6,2.34,2.53,2.9,2.82,"Wind Speed at 10 Meters (m/s) "
37.43641,-121.92719,"WS10M",2007,2.73,2.97,2.57,3.25,3.56,3.58,3.42,3.09,2.87,2.56,2.16,2.93,2.97,"Wind Speed at 10 Meters (m/s) "
37.43641,-121.92719,"WS10M",2008,3.34,2.86,2.88,3.29,3.56,3.54,3.29,3.12,2.4,2.68,2.55,2.62,3.01,"Wind Speed at 10 Meters (m/s) "
37.43641,-121.92719,"WS10M",2009,2.46,3.04,3.1,3.36,3.23,3.29,3.3,3.01,2.76,3.09,2.66,2.49,2.98,"Wind Speed at 10 Meters (m/s) "
37.43641,-121.92719,"WS10M",2010,2.68,2.3,2.75,3.23,3.55,3.77,3.32,3.23,2.66,2.53,2.85,2.67,2.96,"Wind Speed at 10 Meters (m/s) "
37.43641,-121.92719,"WS10M",2011,2.4,2.97,3.15,3.31,3.75,3.37,3.33,3.3,2.51,2.32,2.73,2.22,2.95,"Wind Speed at 10 Meters (m/s) "
37.43641,-121.92719,"WS10M",2012,2.59,3.04,3.05,3.16,3.59,3.9,3.37,3.22,2.68,2.63,2.69,2.91,3.07,"Wind Speed at 10 Meters (m/s) "
37.43641,-121.92719,"WS10M",2013,2.33,2.53,2.6,3.36,3.73,3.67,3.43,3.2,3.22,2.35,2.15,2.29,2.91,"Wind Speed at 10 Meters (m/s) "
37.43641,-121.92719,"WS10M",2014,2.06,2.77,2.69,2.95,3.52,3.61,3.25,3.05,2.69,2.43,2.16,2.93,2.84,"Wind Speed at 10 Meters (m/s) "
37.43641,-121.92719,"WS10M",2015,1.71,2.49,2.39,3.23,3.41,3.36,3.43,3.2,2.67,2.25,2.73,2.82,2.81,"Wind Speed at 10 Meters (m/s) "
37.43641,-121.92719,"WS10M",2016,2.62,2.38,3.14,3.03,3.02,3.42,3.57,3.22,2.97,2.94,2.29,2.78,2.95,"Wind Speed at 10 Meters (m/s) "
37.43641,-121.92719,"WS10M",2017,3.16,3.34,2.68,3.12,3.28,3.51,3.4,3.02,2.87,2.5,2.25,2.32,2.95,"Wind Speed at 10 Meters (m/s) "
37.43641,-121.92719,"WS10M",2018,2.16,2.69,2.76,2.97,3.51,3.74,3.45,3.17,2.82,2.37,2.33,2.56,2.88,"Wind Speed at 10 Meters (m/s) "
37.43641,-121.92719,"WS10M",2019,2.88,3.9,2.75,2.79,3.31,3.27,3.7,3.27,3.13,2.57,2.13,2.89,3.04,"Wind Speed at 10 Meters (m/s) "
